source,STTLng
demandMatrix-abilene-zhang-5min-20040301-1640.txt,211.54133900000002
demandMatrix-abilene-zhang-5min-20040301-1645.txt,212.23533999999998
demandMatrix-abilene-zhang-5min-20040301-1650.txt,225.374462
demandMatrix-abilene-zhang-5min-20040301-1655.txt,228.319681
demandMatrix-abilene-zhang-5min-20040301-1700.txt,230.89220999999995
demandMatrix-abilene-zhang-5min-20040301-1705.txt,248.01169199999998
demandMatrix-abilene-zhang-5min-20040301-1710.txt,254.30159999999998
demandMatrix-abilene-zhang-5min-20040301-1715.txt,237.736602
demandMatrix-abilene-zhang-5min-20040301-1720.txt,246.54627299999999
demandMatrix-abilene-zhang-5min-20040301-1725.txt,261.950155
demandMatrix-abilene-zhang-5min-20040301-1730.txt,258.808726
demandMatrix-abilene-zhang-5min-20040301-1735.txt,247.48395499999998
demandMatrix-abilene-zhang-5min-20040301-1740.txt,240.099087
demandMatrix-abilene-zhang-5min-20040301-1745.txt,234.29662900000002
demandMatrix-abilene-zhang-5min-20040301-1750.txt,230.53269599999996
demandMatrix-abilene-zhang-5min-20040301-1755.txt,240.62513099999998
demandMatrix-abilene-zhang-5min-20040301-1800.txt,240.48766300000003
demandMatrix-abilene-zhang-5min-20040301-1805.txt,244.410342
demandMatrix-abilene-zhang-5min-20040301-1810.txt,240.011119
demandMatrix-abilene-zhang-5min-20040301-1815.txt,242.716199
demandMatrix-abilene-zhang-5min-20040301-1820.txt,242.55921500000002
demandMatrix-abilene-zhang-5min-20040301-1825.txt,248.16320000000002
demandMatrix-abilene-zhang-5min-20040301-1830.txt,260.05543500000005
demandMatrix-abilene-zhang-5min-20040301-1835.txt,268.268693
demandMatrix-abilene-zhang-5min-20040301-1840.txt,263.8847
demandMatrix-abilene-zhang-5min-20040301-1845.txt,252.95166700000001
demandMatrix-abilene-zhang-5min-20040301-1850.txt,249.66481499999998
demandMatrix-abilene-zhang-5min-20040301-1855.txt,267.820584
demandMatrix-abilene-zhang-5min-20040301-1900.txt,264.593928
demandMatrix-abilene-zhang-5min-20040301-1905.txt,264.22826100000003
demandMatrix-abilene-zhang-5min-20040301-1910.txt,266.013434
demandMatrix-abilene-zhang-5min-20040301-1915.txt,265.332424
demandMatrix-abilene-zhang-5min-20040301-1920.txt,264.003897
demandMatrix-abilene-zhang-5min-20040301-1925.txt,276.598186
demandMatrix-abilene-zhang-5min-20040301-1930.txt,288.447562
demandMatrix-abilene-zhang-5min-20040301-1935.txt,288.828179
demandMatrix-abilene-zhang-5min-20040301-1940.txt,280.09137799999996
demandMatrix-abilene-zhang-5min-20040301-1945.txt,285.99195999999995
demandMatrix-abilene-zhang-5min-20040301-1950.txt,286.326667
demandMatrix-abilene-zhang-5min-20040301-1955.txt,281.92105499999997
demandMatrix-abilene-zhang-5min-20040301-2000.txt,301.741307
demandMatrix-abilene-zhang-5min-20040301-2005.txt,300.50783
demandMatrix-abilene-zhang-5min-20040301-2010.txt,283.870098
demandMatrix-abilene-zhang-5min-20040301-2015.txt,275.86335999999994
demandMatrix-abilene-zhang-5min-20040301-2020.txt,270.547515
demandMatrix-abilene-zhang-5min-20040301-2025.txt,263.675949
demandMatrix-abilene-zhang-5min-20040301-2030.txt,260.3689
demandMatrix-abilene-zhang-5min-20040301-2035.txt,261.635374
demandMatrix-abilene-zhang-5min-20040301-2040.txt,251.318132
demandMatrix-abilene-zhang-5min-20040301-2045.txt,254.736955
demandMatrix-abilene-zhang-5min-20040301-2050.txt,247.08349600000003
demandMatrix-abilene-zhang-5min-20040301-2055.txt,240.84938899999997
demandMatrix-abilene-zhang-5min-20040301-2100.txt,236.81724199999996
demandMatrix-abilene-zhang-5min-20040301-2105.txt,241.149852
demandMatrix-abilene-zhang-5min-20040301-2110.txt,236.19006299999998
demandMatrix-abilene-zhang-5min-20040301-2115.txt,226.15908199999998
demandMatrix-abilene-zhang-5min-20040301-2120.txt,239.390113
demandMatrix-abilene-zhang-5min-20040301-2125.txt,243.60277100000002
demandMatrix-abilene-zhang-5min-20040301-2130.txt,256.065447
demandMatrix-abilene-zhang-5min-20040301-2135.txt,245.30464800000001
demandMatrix-abilene-zhang-5min-20040301-2140.txt,242.34138699999997
demandMatrix-abilene-zhang-5min-20040301-2145.txt,243.379956
demandMatrix-abilene-zhang-5min-20040301-2150.txt,233.44448399999996
demandMatrix-abilene-zhang-5min-20040301-2155.txt,241.288208
demandMatrix-abilene-zhang-5min-20040301-2200.txt,244.85578
demandMatrix-abilene-zhang-5min-20040301-2205.txt,253.014368
demandMatrix-abilene-zhang-5min-20040301-2210.txt,246.70516199999997
demandMatrix-abilene-zhang-5min-20040301-2215.txt,248.813539
demandMatrix-abilene-zhang-5min-20040301-2220.txt,261.693503
demandMatrix-abilene-zhang-5min-20040301-2225.txt,251.1974
demandMatrix-abilene-zhang-5min-20040301-2230.txt,245.533257
demandMatrix-abilene-zhang-5min-20040301-2235.txt,234.63257099999998
demandMatrix-abilene-zhang-5min-20040301-2240.txt,236.940997
demandMatrix-abilene-zhang-5min-20040301-2245.txt,251.029395
demandMatrix-abilene-zhang-5min-20040301-2250.txt,244.10403
demandMatrix-abilene-zhang-5min-20040301-2255.txt,243.70896700000003
demandMatrix-abilene-zhang-5min-20040301-2300.txt,237.16042
demandMatrix-abilene-zhang-5min-20040301-2305.txt,218.44067199999998
demandMatrix-abilene-zhang-5min-20040301-2310.txt,224.294278
demandMatrix-abilene-zhang-5min-20040301-2315.txt,224.2376
demandMatrix-abilene-zhang-5min-20040301-2320.txt,213.137989
demandMatrix-abilene-zhang-5min-20040301-2325.txt,210.680005
demandMatrix-abilene-zhang-5min-20040301-2330.txt,218.207482
demandMatrix-abilene-zhang-5min-20040301-2335.txt,211.82448999999997
demandMatrix-abilene-zhang-5min-20040301-2340.txt,219.718427
demandMatrix-abilene-zhang-5min-20040301-2345.txt,210.915174
demandMatrix-abilene-zhang-5min-20040301-2350.txt,204.37116200000003
demandMatrix-abilene-zhang-5min-20040301-2355.txt,202.772835
demandMatrix-abilene-zhang-5min-20040302-0000.txt,212.00004300000003
demandMatrix-abilene-zhang-5min-20040302-0005.txt,226.710566
demandMatrix-abilene-zhang-5min-20040302-0010.txt,226.459404
demandMatrix-abilene-zhang-5min-20040302-0015.txt,216.22937399999998
demandMatrix-abilene-zhang-5min-20040302-0020.txt,218.97729699999996
demandMatrix-abilene-zhang-5min-20040302-0025.txt,219.141043
demandMatrix-abilene-zhang-5min-20040302-0030.txt,220.260446
demandMatrix-abilene-zhang-5min-20040302-0035.txt,217.539172
demandMatrix-abilene-zhang-5min-20040302-0040.txt,220.246273
demandMatrix-abilene-zhang-5min-20040302-0045.txt,218.33930200000003
demandMatrix-abilene-zhang-5min-20040302-0050.txt,226.526469
demandMatrix-abilene-zhang-5min-20040302-0055.txt,225.131647
demandMatrix-abilene-zhang-5min-20040302-0100.txt,218.85127
demandMatrix-abilene-zhang-5min-20040302-0105.txt,216.108847
demandMatrix-abilene-zhang-5min-20040302-0110.txt,219.21896299999997
demandMatrix-abilene-zhang-5min-20040302-0115.txt,220.55599000000004
demandMatrix-abilene-zhang-5min-20040302-0120.txt,230.385567
demandMatrix-abilene-zhang-5min-20040302-0125.txt,224.78271
demandMatrix-abilene-zhang-5min-20040302-0130.txt,219.03593
demandMatrix-abilene-zhang-5min-20040302-0135.txt,217.19816600000001
demandMatrix-abilene-zhang-5min-20040302-0140.txt,208.16143
demandMatrix-abilene-zhang-5min-20040302-0145.txt,210.198559
demandMatrix-abilene-zhang-5min-20040302-0150.txt,194.46755700000003
demandMatrix-abilene-zhang-5min-20040302-0155.txt,197.68472800000004
demandMatrix-abilene-zhang-5min-20040302-0200.txt,198.98556300000004
demandMatrix-abilene-zhang-5min-20040302-0205.txt,205.23475300000004
demandMatrix-abilene-zhang-5min-20040302-0210.txt,211.377378
demandMatrix-abilene-zhang-5min-20040302-0215.txt,199.123473
demandMatrix-abilene-zhang-5min-20040302-0220.txt,203.06683099999998
demandMatrix-abilene-zhang-5min-20040302-0225.txt,206.93771300000006
demandMatrix-abilene-zhang-5min-20040302-0230.txt,207.11246600000004
demandMatrix-abilene-zhang-5min-20040302-0235.txt,207.93318799999997
demandMatrix-abilene-zhang-5min-20040302-0240.txt,203.91580799999997
demandMatrix-abilene-zhang-5min-20040302-0245.txt,201.61584599999998
demandMatrix-abilene-zhang-5min-20040302-0250.txt,201.865195
demandMatrix-abilene-zhang-5min-20040302-0255.txt,195.963934
demandMatrix-abilene-zhang-5min-20040302-0300.txt,209.932954
demandMatrix-abilene-zhang-5min-20040302-0305.txt,210.380453
demandMatrix-abilene-zhang-5min-20040302-0310.txt,211.987327
demandMatrix-abilene-zhang-5min-20040302-0315.txt,210.60562300000004
demandMatrix-abilene-zhang-5min-20040302-0320.txt,197.721088
demandMatrix-abilene-zhang-5min-20040302-0325.txt,200.608373
demandMatrix-abilene-zhang-5min-20040302-0330.txt,205.297173
demandMatrix-abilene-zhang-5min-20040302-0335.txt,199.54469199999997
demandMatrix-abilene-zhang-5min-20040302-0340.txt,196.68493500000002
demandMatrix-abilene-zhang-5min-20040302-0345.txt,202.586003
demandMatrix-abilene-zhang-5min-20040302-0350.txt,196.79585899999998
demandMatrix-abilene-zhang-5min-20040302-0355.txt,198.442459
demandMatrix-abilene-zhang-5min-20040302-0400.txt,199.37366300000002
demandMatrix-abilene-zhang-5min-20040302-0405.txt,198.059322
demandMatrix-abilene-zhang-5min-20040302-0410.txt,197.060829
demandMatrix-abilene-zhang-5min-20040302-0415.txt,204.82222900000002
demandMatrix-abilene-zhang-5min-20040302-0420.txt,186.55217900000002
demandMatrix-abilene-zhang-5min-20040302-0425.txt,187.87424000000001
demandMatrix-abilene-zhang-5min-20040302-0430.txt,184.74174
demandMatrix-abilene-zhang-5min-20040302-0435.txt,181.49400900000003
demandMatrix-abilene-zhang-5min-20040302-0440.txt,186.80436500000005
demandMatrix-abilene-zhang-5min-20040302-0445.txt,183.06712299999998
demandMatrix-abilene-zhang-5min-20040302-0450.txt,177.64068999999998
demandMatrix-abilene-zhang-5min-20040302-0455.txt,177.038245
demandMatrix-abilene-zhang-5min-20040302-0500.txt,171.551035
demandMatrix-abilene-zhang-5min-20040302-0505.txt,166.100973
demandMatrix-abilene-zhang-5min-20040302-0510.txt,168.48213399999997
demandMatrix-abilene-zhang-5min-20040302-0515.txt,172.995432
demandMatrix-abilene-zhang-5min-20040302-0520.txt,171.946473
demandMatrix-abilene-zhang-5min-20040302-0525.txt,175.576526
demandMatrix-abilene-zhang-5min-20040302-0530.txt,175.794524
demandMatrix-abilene-zhang-5min-20040302-0535.txt,185.351067
demandMatrix-abilene-zhang-5min-20040302-0540.txt,182.87008100000003
demandMatrix-abilene-zhang-5min-20040302-0545.txt,183.39315100000002
demandMatrix-abilene-zhang-5min-20040302-0550.txt,180.79363899999998
demandMatrix-abilene-zhang-5min-20040302-0555.txt,184.703893
demandMatrix-abilene-zhang-5min-20040302-0600.txt,181.13153600000004
demandMatrix-abilene-zhang-5min-20040302-0605.txt,178.80904399999997
demandMatrix-abilene-zhang-5min-20040302-0610.txt,177.368107
demandMatrix-abilene-zhang-5min-20040302-0615.txt,175.24114799999998
demandMatrix-abilene-zhang-5min-20040302-0620.txt,176.433608
demandMatrix-abilene-zhang-5min-20040302-0625.txt,167.27620000000002
demandMatrix-abilene-zhang-5min-20040302-0630.txt,167.508535
demandMatrix-abilene-zhang-5min-20040302-0635.txt,168.738997
demandMatrix-abilene-zhang-5min-20040302-0640.txt,175.78543000000002
demandMatrix-abilene-zhang-5min-20040302-0645.txt,172.257586
demandMatrix-abilene-zhang-5min-20040302-0650.txt,176.220806
demandMatrix-abilene-zhang-5min-20040302-0655.txt,175.02779
demandMatrix-abilene-zhang-5min-20040302-0700.txt,173.514738
demandMatrix-abilene-zhang-5min-20040302-0705.txt,181.986346
demandMatrix-abilene-zhang-5min-20040302-0710.txt,177.12720099999999
demandMatrix-abilene-zhang-5min-20040302-0715.txt,166.082428
demandMatrix-abilene-zhang-5min-20040302-0720.txt,166.343451
demandMatrix-abilene-zhang-5min-20040302-0725.txt,170.71768300000002
demandMatrix-abilene-zhang-5min-20040302-0730.txt,171.27998399999998
demandMatrix-abilene-zhang-5min-20040302-0735.txt,168.301693
demandMatrix-abilene-zhang-5min-20040302-0740.txt,165.17024
demandMatrix-abilene-zhang-5min-20040302-0745.txt,166.57741599999997
demandMatrix-abilene-zhang-5min-20040302-0750.txt,167.357378
demandMatrix-abilene-zhang-5min-20040302-0755.txt,175.419015
demandMatrix-abilene-zhang-5min-20040302-0800.txt,158.03667499999997
demandMatrix-abilene-zhang-5min-20040302-0805.txt,163.809836
demandMatrix-abilene-zhang-5min-20040302-0810.txt,162.239439
demandMatrix-abilene-zhang-5min-20040302-0815.txt,162.14456399999997
demandMatrix-abilene-zhang-5min-20040302-0820.txt,169.935
demandMatrix-abilene-zhang-5min-20040302-0825.txt,166.579372
demandMatrix-abilene-zhang-5min-20040302-0830.txt,166.144378
demandMatrix-abilene-zhang-5min-20040302-0835.txt,161.187144
demandMatrix-abilene-zhang-5min-20040302-0840.txt,153.536673
demandMatrix-abilene-zhang-5min-20040302-0845.txt,153.641164
demandMatrix-abilene-zhang-5min-20040302-0850.txt,150.321904
demandMatrix-abilene-zhang-5min-20040302-0855.txt,149.565562
demandMatrix-abilene-zhang-5min-20040302-0900.txt,156.71966700000002
demandMatrix-abilene-zhang-5min-20040302-0905.txt,157.10132399999998
demandMatrix-abilene-zhang-5min-20040302-0910.txt,159.729029
demandMatrix-abilene-zhang-5min-20040302-0915.txt,160.691313
demandMatrix-abilene-zhang-5min-20040302-0920.txt,151.737597
demandMatrix-abilene-zhang-5min-20040302-0925.txt,144.33232099999998
demandMatrix-abilene-zhang-5min-20040302-0930.txt,148.032503
demandMatrix-abilene-zhang-5min-20040302-0935.txt,154.098721
demandMatrix-abilene-zhang-5min-20040302-0940.txt,153.762439
demandMatrix-abilene-zhang-5min-20040302-0945.txt,149.44687399999998
demandMatrix-abilene-zhang-5min-20040302-0950.txt,157.913005
demandMatrix-abilene-zhang-5min-20040302-0955.txt,155.55781299999998
demandMatrix-abilene-zhang-5min-20040302-1000.txt,155.724917
demandMatrix-abilene-zhang-5min-20040302-1005.txt,160.991138
demandMatrix-abilene-zhang-5min-20040302-1010.txt,156.87031800000003
demandMatrix-abilene-zhang-5min-20040302-1015.txt,156.383274
demandMatrix-abilene-zhang-5min-20040302-1020.txt,149.79516400000003
demandMatrix-abilene-zhang-5min-20040302-1025.txt,152.89517700000002
demandMatrix-abilene-zhang-5min-20040302-1030.txt,157.08827599999998
demandMatrix-abilene-zhang-5min-20040302-1035.txt,165.14766199999997
demandMatrix-abilene-zhang-5min-20040302-1040.txt,163.00897300000003
demandMatrix-abilene-zhang-5min-20040302-1045.txt,156.74348000000003
demandMatrix-abilene-zhang-5min-20040302-1050.txt,153.78737000000004
demandMatrix-abilene-zhang-5min-20040302-1055.txt,156.48937899999999
demandMatrix-abilene-zhang-5min-20040302-1100.txt,163.78829900000002
demandMatrix-abilene-zhang-5min-20040302-1105.txt,161.725584
demandMatrix-abilene-zhang-5min-20040302-1110.txt,158.90350200000003
demandMatrix-abilene-zhang-5min-20040302-1115.txt,158.73041899999996
demandMatrix-abilene-zhang-5min-20040302-1120.txt,156.92016500000003
demandMatrix-abilene-zhang-5min-20040302-1125.txt,156.220841
demandMatrix-abilene-zhang-5min-20040302-1130.txt,153.21214100000003
demandMatrix-abilene-zhang-5min-20040302-1135.txt,153.645524
demandMatrix-abilene-zhang-5min-20040302-1140.txt,154.488067
demandMatrix-abilene-zhang-5min-20040302-1145.txt,154.390135
demandMatrix-abilene-zhang-5min-20040302-1150.txt,152.981647
demandMatrix-abilene-zhang-5min-20040302-1155.txt,149.86287700000003
demandMatrix-abilene-zhang-5min-20040302-1200.txt,148.171031
demandMatrix-abilene-zhang-5min-20040302-1205.txt,152.167414
demandMatrix-abilene-zhang-5min-20040302-1210.txt,154.824467
demandMatrix-abilene-zhang-5min-20040302-1215.txt,158.806892
demandMatrix-abilene-zhang-5min-20040302-1220.txt,162.850144
demandMatrix-abilene-zhang-5min-20040302-1225.txt,158.78803
demandMatrix-abilene-zhang-5min-20040302-1230.txt,152.041269
demandMatrix-abilene-zhang-5min-20040302-1235.txt,146.057712
demandMatrix-abilene-zhang-5min-20040302-1240.txt,149.556999
demandMatrix-abilene-zhang-5min-20040302-1245.txt,163.06276300000002
demandMatrix-abilene-zhang-5min-20040302-1250.txt,160.59259699999998
demandMatrix-abilene-zhang-5min-20040302-1255.txt,156.284173
demandMatrix-abilene-zhang-5min-20040302-1300.txt,155.84179
demandMatrix-abilene-zhang-5min-20040302-1305.txt,161.89034700000002
demandMatrix-abilene-zhang-5min-20040302-1310.txt,167.55530399999998
demandMatrix-abilene-zhang-5min-20040302-1315.txt,160.611612
demandMatrix-abilene-zhang-5min-20040302-1320.txt,158.411996
demandMatrix-abilene-zhang-5min-20040302-1325.txt,153.06027699999999
demandMatrix-abilene-zhang-5min-20040302-1330.txt,160.18254399999998
demandMatrix-abilene-zhang-5min-20040302-1335.txt,167.050195
demandMatrix-abilene-zhang-5min-20040302-1340.txt,164.014863
demandMatrix-abilene-zhang-5min-20040302-1345.txt,166.589312
demandMatrix-abilene-zhang-5min-20040302-1350.txt,168.76395799999997
demandMatrix-abilene-zhang-5min-20040302-1355.txt,181.73549699999998
demandMatrix-abilene-zhang-5min-20040302-1400.txt,177.795656
demandMatrix-abilene-zhang-5min-20040302-1405.txt,178.270509
demandMatrix-abilene-zhang-5min-20040302-1410.txt,174.917981
demandMatrix-abilene-zhang-5min-20040302-1415.txt,190.02662800000002
demandMatrix-abilene-zhang-5min-20040302-1420.txt,192.37873599999998
demandMatrix-abilene-zhang-5min-20040302-1425.txt,186.68645000000004
demandMatrix-abilene-zhang-5min-20040302-1430.txt,196.67825100000005
demandMatrix-abilene-zhang-5min-20040302-1435.txt,199.002884
demandMatrix-abilene-zhang-5min-20040302-1440.txt,205.61366599999997
demandMatrix-abilene-zhang-5min-20040302-1445.txt,205.30638799999997
demandMatrix-abilene-zhang-5min-20040302-1450.txt,203.016178
demandMatrix-abilene-zhang-5min-20040302-1455.txt,198.311659
demandMatrix-abilene-zhang-5min-20040302-1500.txt,199.80900400000002
demandMatrix-abilene-zhang-5min-20040302-1505.txt,207.53360800000002
demandMatrix-abilene-zhang-5min-20040302-1510.txt,208.84209799999996
demandMatrix-abilene-zhang-5min-20040302-1515.txt,215.039084
demandMatrix-abilene-zhang-5min-20040302-1520.txt,222.163282
demandMatrix-abilene-zhang-5min-20040302-1525.txt,219.13533900000002
demandMatrix-abilene-zhang-5min-20040302-1530.txt,224.04491099999998
demandMatrix-abilene-zhang-5min-20040302-1535.txt,218.61760999999998
demandMatrix-abilene-zhang-5min-20040302-1540.txt,225.140197
demandMatrix-abilene-zhang-5min-20040302-1545.txt,218.610697
demandMatrix-abilene-zhang-5min-20040302-1550.txt,220.35908499999996
demandMatrix-abilene-zhang-5min-20040302-1555.txt,218.16024599999997
demandMatrix-abilene-zhang-5min-20040302-1600.txt,216.77113599999998
demandMatrix-abilene-zhang-5min-20040302-1605.txt,256.99616100000003
demandMatrix-abilene-zhang-5min-20040302-1610.txt,255.83992099999998
demandMatrix-abilene-zhang-5min-20040302-1615.txt,246.07541699999996
demandMatrix-abilene-zhang-5min-20040302-1620.txt,234.726153
demandMatrix-abilene-zhang-5min-20040302-1625.txt,236.755629
demandMatrix-abilene-zhang-5min-20040302-1630.txt,232.952681
demandMatrix-abilene-zhang-5min-20040302-1635.txt,224.71174099999996
demandMatrix-abilene-zhang-5min-20040302-1640.txt,229.56903699999998
demandMatrix-abilene-zhang-5min-20040302-1645.txt,241.06890199999998
demandMatrix-abilene-zhang-5min-20040302-1650.txt,240.46698400000002
demandMatrix-abilene-zhang-5min-20040302-1655.txt,231.758702
demandMatrix-abilene-zhang-5min-20040302-1700.txt,232.87535999999997
demandMatrix-abilene-zhang-5min-20040302-1705.txt,244.877686
demandMatrix-abilene-zhang-5min-20040302-1710.txt,231.19313800000003
demandMatrix-abilene-zhang-5min-20040302-1715.txt,237.048787
demandMatrix-abilene-zhang-5min-20040302-1720.txt,233.668949
demandMatrix-abilene-zhang-5min-20040302-1725.txt,234.169081
demandMatrix-abilene-zhang-5min-20040302-1730.txt,230.95937100000003
demandMatrix-abilene-zhang-5min-20040302-1735.txt,230.210962
demandMatrix-abilene-zhang-5min-20040302-1740.txt,245.58585200000002
demandMatrix-abilene-zhang-5min-20040302-1745.txt,243.40792099999996
demandMatrix-abilene-zhang-5min-20040302-1750.txt,238.778633
demandMatrix-abilene-zhang-5min-20040302-1755.txt,237.436267
demandMatrix-abilene-zhang-5min-20040302-1800.txt,233.116368
demandMatrix-abilene-zhang-5min-20040302-1805.txt,249.13737300000005
demandMatrix-abilene-zhang-5min-20040302-1810.txt,251.40100099999998
demandMatrix-abilene-zhang-5min-20040302-1815.txt,244.00666099999998
demandMatrix-abilene-zhang-5min-20040302-1820.txt,242.868245
demandMatrix-abilene-zhang-5min-20040302-1825.txt,237.01236900000004
demandMatrix-abilene-zhang-5min-20040302-1830.txt,240.68227899999997
demandMatrix-abilene-zhang-5min-20040302-1835.txt,245.992576
demandMatrix-abilene-zhang-5min-20040302-1840.txt,255.813686
demandMatrix-abilene-zhang-5min-20040302-1845.txt,240.78349200000002
demandMatrix-abilene-zhang-5min-20040302-1850.txt,247.87638700000005
demandMatrix-abilene-zhang-5min-20040302-1855.txt,250.50497300000004
demandMatrix-abilene-zhang-5min-20040302-1900.txt,249.994942
demandMatrix-abilene-zhang-5min-20040302-1905.txt,244.95737
demandMatrix-abilene-zhang-5min-20040302-1910.txt,236.440147
demandMatrix-abilene-zhang-5min-20040302-1915.txt,234.381089
demandMatrix-abilene-zhang-5min-20040302-1920.txt,234.858257
demandMatrix-abilene-zhang-5min-20040302-1925.txt,243.730067
demandMatrix-abilene-zhang-5min-20040302-1930.txt,241.526727
demandMatrix-abilene-zhang-5min-20040302-1935.txt,238.91583899999998
demandMatrix-abilene-zhang-5min-20040302-1940.txt,242.94067
demandMatrix-abilene-zhang-5min-20040302-1945.txt,244.85385300000002
demandMatrix-abilene-zhang-5min-20040302-1950.txt,242.354957
demandMatrix-abilene-zhang-5min-20040302-1955.txt,246.574659
demandMatrix-abilene-zhang-5min-20040302-2000.txt,242.36249999999998
demandMatrix-abilene-zhang-5min-20040302-2005.txt,243.18088600000002
demandMatrix-abilene-zhang-5min-20040302-2010.txt,246.519624
demandMatrix-abilene-zhang-5min-20040302-2015.txt,233.166965
demandMatrix-abilene-zhang-5min-20040302-2020.txt,250.264611
demandMatrix-abilene-zhang-5min-20040302-2025.txt,258.02753
demandMatrix-abilene-zhang-5min-20040302-2030.txt,272.502046
demandMatrix-abilene-zhang-5min-20040302-2035.txt,261.65434700000003
demandMatrix-abilene-zhang-5min-20040302-2040.txt,251.62026199999994
demandMatrix-abilene-zhang-5min-20040302-2045.txt,253.06648799999996
demandMatrix-abilene-zhang-5min-20040302-2050.txt,255.26555899999997
demandMatrix-abilene-zhang-5min-20040302-2055.txt,252.07474200000001
demandMatrix-abilene-zhang-5min-20040302-2100.txt,251.353339
demandMatrix-abilene-zhang-5min-20040302-2105.txt,247.75223200000005
demandMatrix-abilene-zhang-5min-20040302-2110.txt,245.26739899999998
demandMatrix-abilene-zhang-5min-20040302-2115.txt,243.738331
demandMatrix-abilene-zhang-5min-20040302-2120.txt,250.67078099999998
demandMatrix-abilene-zhang-5min-20040302-2125.txt,247.57702200000003
demandMatrix-abilene-zhang-5min-20040302-2130.txt,242.003715
demandMatrix-abilene-zhang-5min-20040302-2135.txt,249.246692
demandMatrix-abilene-zhang-5min-20040302-2140.txt,255.671396
demandMatrix-abilene-zhang-5min-20040302-2145.txt,250.782719
demandMatrix-abilene-zhang-5min-20040302-2150.txt,249.16765900000004
demandMatrix-abilene-zhang-5min-20040302-2155.txt,239.78586399999998
demandMatrix-abilene-zhang-5min-20040302-2200.txt,239.128648
demandMatrix-abilene-zhang-5min-20040302-2205.txt,233.30928300000002
demandMatrix-abilene-zhang-5min-20040302-2210.txt,235.42715
demandMatrix-abilene-zhang-5min-20040302-2215.txt,236.47469100000004
demandMatrix-abilene-zhang-5min-20040302-2220.txt,231.353158
demandMatrix-abilene-zhang-5min-20040302-2225.txt,222.396767
demandMatrix-abilene-zhang-5min-20040302-2230.txt,215.40459800000002
demandMatrix-abilene-zhang-5min-20040302-2235.txt,225.66444999999996
demandMatrix-abilene-zhang-5min-20040302-2240.txt,227.371244
demandMatrix-abilene-zhang-5min-20040302-2245.txt,238.312962
demandMatrix-abilene-zhang-5min-20040302-2250.txt,231.85932499999998
demandMatrix-abilene-zhang-5min-20040302-2255.txt,228.550165
demandMatrix-abilene-zhang-5min-20040302-2300.txt,220.113666
demandMatrix-abilene-zhang-5min-20040302-2305.txt,220.081549
demandMatrix-abilene-zhang-5min-20040302-2310.txt,213.54146799999998
demandMatrix-abilene-zhang-5min-20040302-2315.txt,207.43434900000003
demandMatrix-abilene-zhang-5min-20040302-2320.txt,206.88646
demandMatrix-abilene-zhang-5min-20040302-2325.txt,208.10764899999998
demandMatrix-abilene-zhang-5min-20040302-2330.txt,206.68837900000003
demandMatrix-abilene-zhang-5min-20040302-2335.txt,203.75167599999997
demandMatrix-abilene-zhang-5min-20040302-2340.txt,204.176086
demandMatrix-abilene-zhang-5min-20040302-2345.txt,192.75007599999995
demandMatrix-abilene-zhang-5min-20040302-2350.txt,189.42811299999997
demandMatrix-abilene-zhang-5min-20040302-2355.txt,182.29333
demandMatrix-abilene-zhang-5min-20040303-0000.txt,187.914237
demandMatrix-abilene-zhang-5min-20040303-0005.txt,193.1161
demandMatrix-abilene-zhang-5min-20040303-0010.txt,200.79705199999998
demandMatrix-abilene-zhang-5min-20040303-0015.txt,202.10219900000004
demandMatrix-abilene-zhang-5min-20040303-0020.txt,196.598166
demandMatrix-abilene-zhang-5min-20040303-0025.txt,192.664841
demandMatrix-abilene-zhang-5min-20040303-0030.txt,189.396358
demandMatrix-abilene-zhang-5min-20040303-0035.txt,194.66222400000004
demandMatrix-abilene-zhang-5min-20040303-0040.txt,211.22882399999997
demandMatrix-abilene-zhang-5min-20040303-0045.txt,201.590821
demandMatrix-abilene-zhang-5min-20040303-0050.txt,193.12698199999997
demandMatrix-abilene-zhang-5min-20040303-0055.txt,200.540778
demandMatrix-abilene-zhang-5min-20040303-0100.txt,203.106201
demandMatrix-abilene-zhang-5min-20040303-0105.txt,198.17529899999997
demandMatrix-abilene-zhang-5min-20040303-0110.txt,191.49632699999998
demandMatrix-abilene-zhang-5min-20040303-0115.txt,196.185717
demandMatrix-abilene-zhang-5min-20040303-0120.txt,197.59549700000002
demandMatrix-abilene-zhang-5min-20040303-0125.txt,197.882524
demandMatrix-abilene-zhang-5min-20040303-0130.txt,190.33310400000002
demandMatrix-abilene-zhang-5min-20040303-0135.txt,190.83298699999997
demandMatrix-abilene-zhang-5min-20040303-0140.txt,185.302315
demandMatrix-abilene-zhang-5min-20040303-0145.txt,180.778723
demandMatrix-abilene-zhang-5min-20040303-0150.txt,181.947743
demandMatrix-abilene-zhang-5min-20040303-0155.txt,180.632353
demandMatrix-abilene-zhang-5min-20040303-0200.txt,187.60674300000002
demandMatrix-abilene-zhang-5min-20040303-0205.txt,195.34623800000003
demandMatrix-abilene-zhang-5min-20040303-0210.txt,188.64929600000002
demandMatrix-abilene-zhang-5min-20040303-0215.txt,186.296644
demandMatrix-abilene-zhang-5min-20040303-0220.txt,186.027043
demandMatrix-abilene-zhang-5min-20040303-0225.txt,185.48462700000005
demandMatrix-abilene-zhang-5min-20040303-0230.txt,192.124023
demandMatrix-abilene-zhang-5min-20040303-0235.txt,193.13420299999996
demandMatrix-abilene-zhang-5min-20040303-0240.txt,197.98120300000002
demandMatrix-abilene-zhang-5min-20040303-0245.txt,195.08338600000002
demandMatrix-abilene-zhang-5min-20040303-0250.txt,195.427671
demandMatrix-abilene-zhang-5min-20040303-0255.txt,185.02399899999998
demandMatrix-abilene-zhang-5min-20040303-0300.txt,190.344752
demandMatrix-abilene-zhang-5min-20040303-0305.txt,181.66139500000003
demandMatrix-abilene-zhang-5min-20040303-0310.txt,177.18352199999998
demandMatrix-abilene-zhang-5min-20040303-0315.txt,179.75074600000002
demandMatrix-abilene-zhang-5min-20040303-0320.txt,182.658771
demandMatrix-abilene-zhang-5min-20040303-0325.txt,188.012337
demandMatrix-abilene-zhang-5min-20040303-0330.txt,183.286556
demandMatrix-abilene-zhang-5min-20040303-0335.txt,185.76537000000002
demandMatrix-abilene-zhang-5min-20040303-0340.txt,187.00177300000001
demandMatrix-abilene-zhang-5min-20040303-0345.txt,183.035996
demandMatrix-abilene-zhang-5min-20040303-0350.txt,184.803065
demandMatrix-abilene-zhang-5min-20040303-0355.txt,184.93471100000002
demandMatrix-abilene-zhang-5min-20040303-0400.txt,186.403365
demandMatrix-abilene-zhang-5min-20040303-0405.txt,181.24651699999998
demandMatrix-abilene-zhang-5min-20040303-0410.txt,173.07587600000002
demandMatrix-abilene-zhang-5min-20040303-0415.txt,170.13021299999997
demandMatrix-abilene-zhang-5min-20040303-0420.txt,170.325362
demandMatrix-abilene-zhang-5min-20040303-0425.txt,158.719564
demandMatrix-abilene-zhang-5min-20040303-0430.txt,158.60648799999998
demandMatrix-abilene-zhang-5min-20040303-0435.txt,166.768547
demandMatrix-abilene-zhang-5min-20040303-0440.txt,171.50696299999998
demandMatrix-abilene-zhang-5min-20040303-0445.txt,173.19658900000002
demandMatrix-abilene-zhang-5min-20040303-0450.txt,174.179716
demandMatrix-abilene-zhang-5min-20040303-0455.txt,174.12625200000002
demandMatrix-abilene-zhang-5min-20040303-0500.txt,171.10449799999998
demandMatrix-abilene-zhang-5min-20040303-0505.txt,169.478927
demandMatrix-abilene-zhang-5min-20040303-0510.txt,166.267466
demandMatrix-abilene-zhang-5min-20040303-0515.txt,165.656395
demandMatrix-abilene-zhang-5min-20040303-0520.txt,167.65424
demandMatrix-abilene-zhang-5min-20040303-0525.txt,162.564104
demandMatrix-abilene-zhang-5min-20040303-0530.txt,158.59256700000003
demandMatrix-abilene-zhang-5min-20040303-0535.txt,169.849771
demandMatrix-abilene-zhang-5min-20040303-0540.txt,171.830831
demandMatrix-abilene-zhang-5min-20040303-0545.txt,170.45435200000003
demandMatrix-abilene-zhang-5min-20040303-0550.txt,167.30627700000002
demandMatrix-abilene-zhang-5min-20040303-0555.txt,162.271067
demandMatrix-abilene-zhang-5min-20040303-0600.txt,161.50355199999998
demandMatrix-abilene-zhang-5min-20040303-0605.txt,166.821748
demandMatrix-abilene-zhang-5min-20040303-0610.txt,173.601727
demandMatrix-abilene-zhang-5min-20040303-0615.txt,169.03785599999998
demandMatrix-abilene-zhang-5min-20040303-0620.txt,164.542787
demandMatrix-abilene-zhang-5min-20040303-0625.txt,165.36992599999996
demandMatrix-abilene-zhang-5min-20040303-0630.txt,158.77762
demandMatrix-abilene-zhang-5min-20040303-0635.txt,161.69992800000003
demandMatrix-abilene-zhang-5min-20040303-0640.txt,156.21144600000002
demandMatrix-abilene-zhang-5min-20040303-0645.txt,162.599037
demandMatrix-abilene-zhang-5min-20040303-0650.txt,154.01896100000002
demandMatrix-abilene-zhang-5min-20040303-0655.txt,156.68534700000004
demandMatrix-abilene-zhang-5min-20040303-0700.txt,156.049254
demandMatrix-abilene-zhang-5min-20040303-0705.txt,153.619765
demandMatrix-abilene-zhang-5min-20040303-0710.txt,154.03825399999997
demandMatrix-abilene-zhang-5min-20040303-0715.txt,155.85370999999998
demandMatrix-abilene-zhang-5min-20040303-0720.txt,159.79926700000001
demandMatrix-abilene-zhang-5min-20040303-0725.txt,161.594685
demandMatrix-abilene-zhang-5min-20040303-0730.txt,166.84374999999997
demandMatrix-abilene-zhang-5min-20040303-0735.txt,173.27326099999996
demandMatrix-abilene-zhang-5min-20040303-0740.txt,169.940592
demandMatrix-abilene-zhang-5min-20040303-0745.txt,164.37991399999999
demandMatrix-abilene-zhang-5min-20040303-0750.txt,166.447482
demandMatrix-abilene-zhang-5min-20040303-0755.txt,158.81840000000003
demandMatrix-abilene-zhang-5min-20040303-0800.txt,164.53613500000003
demandMatrix-abilene-zhang-5min-20040303-0805.txt,193.40604000000002
demandMatrix-abilene-zhang-5min-20040303-0810.txt,157.447036
demandMatrix-abilene-zhang-5min-20040303-0815.txt,164.528977
demandMatrix-abilene-zhang-5min-20040303-0820.txt,168.75931100000003
demandMatrix-abilene-zhang-5min-20040303-0825.txt,157.66162699999998
demandMatrix-abilene-zhang-5min-20040303-0830.txt,153.53337899999997
demandMatrix-abilene-zhang-5min-20040303-0835.txt,157.706278
demandMatrix-abilene-zhang-5min-20040303-0840.txt,163.59042799999997
demandMatrix-abilene-zhang-5min-20040303-0845.txt,163.45237899999998
demandMatrix-abilene-zhang-5min-20040303-0850.txt,162.599767
demandMatrix-abilene-zhang-5min-20040303-0855.txt,162.300841
demandMatrix-abilene-zhang-5min-20040303-0900.txt,155.238755
demandMatrix-abilene-zhang-5min-20040303-0905.txt,160.405573
demandMatrix-abilene-zhang-5min-20040303-0910.txt,166.008974
demandMatrix-abilene-zhang-5min-20040303-0915.txt,161.734664
demandMatrix-abilene-zhang-5min-20040303-0920.txt,158.990917
demandMatrix-abilene-zhang-5min-20040303-0925.txt,167.21200999999996
demandMatrix-abilene-zhang-5min-20040303-0930.txt,166.154139
demandMatrix-abilene-zhang-5min-20040303-0935.txt,168.30497800000003
demandMatrix-abilene-zhang-5min-20040303-0940.txt,167.61488699999998
demandMatrix-abilene-zhang-5min-20040303-0945.txt,158.880175
demandMatrix-abilene-zhang-5min-20040303-0950.txt,159.672233
demandMatrix-abilene-zhang-5min-20040303-0955.txt,159.976864
demandMatrix-abilene-zhang-5min-20040303-1000.txt,169.951196
demandMatrix-abilene-zhang-5min-20040303-1005.txt,178.865606
demandMatrix-abilene-zhang-5min-20040303-1010.txt,170.885207
demandMatrix-abilene-zhang-5min-20040303-1015.txt,162.68275799999998
demandMatrix-abilene-zhang-5min-20040303-1020.txt,166.473029
demandMatrix-abilene-zhang-5min-20040303-1025.txt,161.742202
demandMatrix-abilene-zhang-5min-20040303-1030.txt,163.98106700000002
demandMatrix-abilene-zhang-5min-20040303-1035.txt,168.181265
demandMatrix-abilene-zhang-5min-20040303-1040.txt,160.80356200000003
demandMatrix-abilene-zhang-5min-20040303-1045.txt,159.067445
demandMatrix-abilene-zhang-5min-20040303-1050.txt,155.908991
demandMatrix-abilene-zhang-5min-20040303-1055.txt,158.51174300000002
demandMatrix-abilene-zhang-5min-20040303-1100.txt,161.55505300000002
demandMatrix-abilene-zhang-5min-20040303-1105.txt,156.12146200000004
demandMatrix-abilene-zhang-5min-20040303-1110.txt,158.592174
demandMatrix-abilene-zhang-5min-20040303-1115.txt,160.68832500000002
demandMatrix-abilene-zhang-5min-20040303-1120.txt,155.03526999999997
demandMatrix-abilene-zhang-5min-20040303-1125.txt,157.12936499999998
demandMatrix-abilene-zhang-5min-20040303-1130.txt,164.273246
demandMatrix-abilene-zhang-5min-20040303-1135.txt,165.07568499999996
demandMatrix-abilene-zhang-5min-20040303-1140.txt,164.42007999999998
demandMatrix-abilene-zhang-5min-20040303-1145.txt,158.232517
demandMatrix-abilene-zhang-5min-20040303-1150.txt,154.763381
demandMatrix-abilene-zhang-5min-20040303-1155.txt,153.098561
demandMatrix-abilene-zhang-5min-20040303-1200.txt,152.43460900000002
demandMatrix-abilene-zhang-5min-20040303-1205.txt,151.48056799999998
demandMatrix-abilene-zhang-5min-20040303-1210.txt,160.444021
demandMatrix-abilene-zhang-5min-20040303-1215.txt,156.486347
demandMatrix-abilene-zhang-5min-20040303-1220.txt,149.69545
demandMatrix-abilene-zhang-5min-20040303-1225.txt,152.81738299999998
demandMatrix-abilene-zhang-5min-20040303-1230.txt,154.260716
demandMatrix-abilene-zhang-5min-20040303-1235.txt,138.609776
demandMatrix-abilene-zhang-5min-20040303-1240.txt,148.71004100000002
demandMatrix-abilene-zhang-5min-20040303-1245.txt,152.274171
demandMatrix-abilene-zhang-5min-20040303-1250.txt,156.54020000000003
demandMatrix-abilene-zhang-5min-20040303-1255.txt,166.133177
demandMatrix-abilene-zhang-5min-20040303-1300.txt,180.49669300000002
demandMatrix-abilene-zhang-5min-20040303-1305.txt,186.53515900000002
demandMatrix-abilene-zhang-5min-20040303-1310.txt,189.970224
demandMatrix-abilene-zhang-5min-20040303-1315.txt,179.623222
demandMatrix-abilene-zhang-5min-20040303-1320.txt,173.90401599999996
demandMatrix-abilene-zhang-5min-20040303-1325.txt,172.822219
demandMatrix-abilene-zhang-5min-20040303-1330.txt,171.35059199999998
demandMatrix-abilene-zhang-5min-20040303-1335.txt,168.644209
demandMatrix-abilene-zhang-5min-20040303-1340.txt,168.499305
demandMatrix-abilene-zhang-5min-20040303-1345.txt,170.10667499999997
demandMatrix-abilene-zhang-5min-20040303-1350.txt,163.030675
demandMatrix-abilene-zhang-5min-20040303-1355.txt,158.69239199999998
demandMatrix-abilene-zhang-5min-20040303-1400.txt,157.99219
demandMatrix-abilene-zhang-5min-20040303-1405.txt,175.528614
demandMatrix-abilene-zhang-5min-20040303-1410.txt,175.30580600000002
demandMatrix-abilene-zhang-5min-20040303-1415.txt,180.446099
demandMatrix-abilene-zhang-5min-20040303-1420.txt,173.52228499999998
demandMatrix-abilene-zhang-5min-20040303-1425.txt,169.639162
demandMatrix-abilene-zhang-5min-20040303-1430.txt,179.63400099999998
demandMatrix-abilene-zhang-5min-20040303-1435.txt,184.375352
demandMatrix-abilene-zhang-5min-20040303-1440.txt,186.77056800000003
demandMatrix-abilene-zhang-5min-20040303-1445.txt,186.300814
demandMatrix-abilene-zhang-5min-20040303-1450.txt,179.443433
demandMatrix-abilene-zhang-5min-20040303-1455.txt,182.916646
demandMatrix-abilene-zhang-5min-20040303-1500.txt,183.80343200000002
demandMatrix-abilene-zhang-5min-20040303-1505.txt,188.848303
demandMatrix-abilene-zhang-5min-20040303-1510.txt,186.17746799999998
demandMatrix-abilene-zhang-5min-20040303-1515.txt,186.395684
demandMatrix-abilene-zhang-5min-20040303-1520.txt,197.102534
demandMatrix-abilene-zhang-5min-20040303-1525.txt,202.62873499999998
demandMatrix-abilene-zhang-5min-20040303-1530.txt,212.24418200000002
demandMatrix-abilene-zhang-5min-20040303-1535.txt,213.91028299999996
demandMatrix-abilene-zhang-5min-20040303-1540.txt,214.84695499999998
demandMatrix-abilene-zhang-5min-20040303-1545.txt,208.946832
demandMatrix-abilene-zhang-5min-20040303-1550.txt,214.980619
demandMatrix-abilene-zhang-5min-20040303-1555.txt,210.45072299999998
demandMatrix-abilene-zhang-5min-20040303-1600.txt,236.15728800000002
demandMatrix-abilene-zhang-5min-20040303-1605.txt,249.905842
demandMatrix-abilene-zhang-5min-20040303-1610.txt,229.217021
demandMatrix-abilene-zhang-5min-20040303-1615.txt,218.07151700000003
demandMatrix-abilene-zhang-5min-20040303-1620.txt,213.84845700000002
demandMatrix-abilene-zhang-5min-20040303-1625.txt,221.05033799999998
demandMatrix-abilene-zhang-5min-20040303-1630.txt,227.62048199999998
demandMatrix-abilene-zhang-5min-20040303-1635.txt,225.35045599999998
demandMatrix-abilene-zhang-5min-20040303-1640.txt,226.62804500000001
demandMatrix-abilene-zhang-5min-20040303-1645.txt,232.87604
demandMatrix-abilene-zhang-5min-20040303-1650.txt,243.53310399999998
demandMatrix-abilene-zhang-5min-20040303-1655.txt,245.603906
demandMatrix-abilene-zhang-5min-20040303-1700.txt,244.62548300000003
demandMatrix-abilene-zhang-5min-20040303-1705.txt,230.75077800000003
demandMatrix-abilene-zhang-5min-20040303-1710.txt,223.81067199999998
demandMatrix-abilene-zhang-5min-20040303-1715.txt,217.75884000000002
demandMatrix-abilene-zhang-5min-20040303-1720.txt,216.576857
demandMatrix-abilene-zhang-5min-20040303-1725.txt,215.34144600000002
demandMatrix-abilene-zhang-5min-20040303-1730.txt,222.18699499999997
demandMatrix-abilene-zhang-5min-20040303-1735.txt,237.192163
demandMatrix-abilene-zhang-5min-20040303-1740.txt,239.00109700000002
demandMatrix-abilene-zhang-5min-20040303-1745.txt,226.819428
demandMatrix-abilene-zhang-5min-20040303-1750.txt,226.662406
demandMatrix-abilene-zhang-5min-20040303-1755.txt,223.71900999999997
demandMatrix-abilene-zhang-5min-20040303-1800.txt,225.22593800000004
demandMatrix-abilene-zhang-5min-20040303-1805.txt,232.72183800000002
demandMatrix-abilene-zhang-5min-20040303-1810.txt,223.06505
demandMatrix-abilene-zhang-5min-20040303-1815.txt,228.20325799999995
demandMatrix-abilene-zhang-5min-20040303-1820.txt,232.72028799999998
demandMatrix-abilene-zhang-5min-20040303-1825.txt,237.07286100000002
demandMatrix-abilene-zhang-5min-20040303-1830.txt,229.96801899999997
demandMatrix-abilene-zhang-5min-20040303-1835.txt,235.221406
demandMatrix-abilene-zhang-5min-20040303-1840.txt,236.47173099999998
demandMatrix-abilene-zhang-5min-20040303-1845.txt,240.98629500000004
demandMatrix-abilene-zhang-5min-20040303-1850.txt,242.888944
demandMatrix-abilene-zhang-5min-20040303-1855.txt,234.742652
demandMatrix-abilene-zhang-5min-20040303-1900.txt,239.624591
demandMatrix-abilene-zhang-5min-20040303-1905.txt,246.543573
demandMatrix-abilene-zhang-5min-20040303-1910.txt,241.611862
demandMatrix-abilene-zhang-5min-20040303-1915.txt,238.34235399999994
demandMatrix-abilene-zhang-5min-20040303-1920.txt,249.160464
demandMatrix-abilene-zhang-5min-20040303-1925.txt,243.86586200000002
demandMatrix-abilene-zhang-5min-20040303-1930.txt,255.49126700000002
demandMatrix-abilene-zhang-5min-20040303-1935.txt,251.718258
demandMatrix-abilene-zhang-5min-20040303-1940.txt,257.805063
demandMatrix-abilene-zhang-5min-20040303-1945.txt,247.026163
demandMatrix-abilene-zhang-5min-20040303-1950.txt,253.416187
demandMatrix-abilene-zhang-5min-20040303-1955.txt,250.15069599999998
demandMatrix-abilene-zhang-5min-20040303-2000.txt,256.48487500000005
demandMatrix-abilene-zhang-5min-20040303-2005.txt,261.85952100000003
demandMatrix-abilene-zhang-5min-20040303-2010.txt,260.308451
demandMatrix-abilene-zhang-5min-20040303-2015.txt,254.35905699999995
demandMatrix-abilene-zhang-5min-20040303-2020.txt,265.16960700000004
demandMatrix-abilene-zhang-5min-20040303-2025.txt,249.031115
demandMatrix-abilene-zhang-5min-20040303-2030.txt,252.47113199999998
demandMatrix-abilene-zhang-5min-20040303-2035.txt,240.36580299999997
demandMatrix-abilene-zhang-5min-20040303-2040.txt,248.71158300000005
demandMatrix-abilene-zhang-5min-20040303-2045.txt,241.387216
demandMatrix-abilene-zhang-5min-20040303-2050.txt,254.610939
demandMatrix-abilene-zhang-5min-20040303-2055.txt,251.673674
demandMatrix-abilene-zhang-5min-20040303-2100.txt,252.46050700000004
demandMatrix-abilene-zhang-5min-20040303-2105.txt,259.102223
demandMatrix-abilene-zhang-5min-20040303-2110.txt,259.612041
demandMatrix-abilene-zhang-5min-20040303-2115.txt,253.976262
demandMatrix-abilene-zhang-5min-20040303-2120.txt,260.357142
demandMatrix-abilene-zhang-5min-20040303-2125.txt,254.665574
demandMatrix-abilene-zhang-5min-20040303-2130.txt,257.220668
demandMatrix-abilene-zhang-5min-20040303-2135.txt,261.797755
demandMatrix-abilene-zhang-5min-20040303-2140.txt,259.215703
demandMatrix-abilene-zhang-5min-20040303-2145.txt,254.258267
demandMatrix-abilene-zhang-5min-20040303-2150.txt,253.650134
demandMatrix-abilene-zhang-5min-20040303-2155.txt,252.44948200000005
demandMatrix-abilene-zhang-5min-20040303-2200.txt,252.517296
demandMatrix-abilene-zhang-5min-20040303-2205.txt,262.29006000000004
demandMatrix-abilene-zhang-5min-20040303-2210.txt,260.82619700000004
demandMatrix-abilene-zhang-5min-20040303-2215.txt,251.25751099999997
demandMatrix-abilene-zhang-5min-20040303-2220.txt,260.142408
demandMatrix-abilene-zhang-5min-20040303-2225.txt,252.40697699999998
demandMatrix-abilene-zhang-5min-20040303-2230.txt,255.75750100000002
demandMatrix-abilene-zhang-5min-20040303-2235.txt,251.71509
demandMatrix-abilene-zhang-5min-20040303-2240.txt,247.531447
demandMatrix-abilene-zhang-5min-20040303-2245.txt,259.25144800000004
demandMatrix-abilene-zhang-5min-20040303-2250.txt,262.897671
demandMatrix-abilene-zhang-5min-20040303-2255.txt,256.63957700000003
demandMatrix-abilene-zhang-5min-20040303-2300.txt,243.191662
demandMatrix-abilene-zhang-5min-20040303-2305.txt,232.16189100000003
demandMatrix-abilene-zhang-5min-20040303-2310.txt,239.37779400000002
demandMatrix-abilene-zhang-5min-20040303-2315.txt,244.504768
demandMatrix-abilene-zhang-5min-20040303-2320.txt,248.679523
demandMatrix-abilene-zhang-5min-20040303-2325.txt,237.563165
demandMatrix-abilene-zhang-5min-20040303-2330.txt,235.595085
demandMatrix-abilene-zhang-5min-20040303-2335.txt,228.43732600000004
demandMatrix-abilene-zhang-5min-20040303-2340.txt,217.222117
demandMatrix-abilene-zhang-5min-20040303-2345.txt,205.60589
demandMatrix-abilene-zhang-5min-20040303-2350.txt,204.27027600000002
demandMatrix-abilene-zhang-5min-20040303-2355.txt,200.575653
demandMatrix-abilene-zhang-5min-20040304-0000.txt,197.514071
demandMatrix-abilene-zhang-5min-20040304-0005.txt,215.732666
demandMatrix-abilene-zhang-5min-20040304-0010.txt,209.962832
demandMatrix-abilene-zhang-5min-20040304-0015.txt,213.74703499999998
demandMatrix-abilene-zhang-5min-20040304-0020.txt,206.681363
demandMatrix-abilene-zhang-5min-20040304-0025.txt,207.243638
demandMatrix-abilene-zhang-5min-20040304-0030.txt,201.58220400000002
demandMatrix-abilene-zhang-5min-20040304-0035.txt,201.897419
demandMatrix-abilene-zhang-5min-20040304-0040.txt,213.878329
demandMatrix-abilene-zhang-5min-20040304-0045.txt,225.424907
demandMatrix-abilene-zhang-5min-20040304-0050.txt,214.898806
demandMatrix-abilene-zhang-5min-20040304-0055.txt,209.544424
demandMatrix-abilene-zhang-5min-20040304-0100.txt,203.79089399999998
demandMatrix-abilene-zhang-5min-20040304-0105.txt,211.31465000000003
demandMatrix-abilene-zhang-5min-20040304-0110.txt,214.186821
demandMatrix-abilene-zhang-5min-20040304-0115.txt,221.780616
demandMatrix-abilene-zhang-5min-20040304-0120.txt,217.372582
demandMatrix-abilene-zhang-5min-20040304-0125.txt,209.786312
demandMatrix-abilene-zhang-5min-20040304-0130.txt,208.229114
demandMatrix-abilene-zhang-5min-20040304-0135.txt,203.53716499999996
demandMatrix-abilene-zhang-5min-20040304-0140.txt,199.064955
demandMatrix-abilene-zhang-5min-20040304-0145.txt,200.75878400000002
demandMatrix-abilene-zhang-5min-20040304-0150.txt,203.737997
demandMatrix-abilene-zhang-5min-20040304-0155.txt,201.79583999999997
demandMatrix-abilene-zhang-5min-20040304-0200.txt,210.68992
demandMatrix-abilene-zhang-5min-20040304-0205.txt,213.150968
demandMatrix-abilene-zhang-5min-20040304-0210.txt,200.66342600000002
demandMatrix-abilene-zhang-5min-20040304-0215.txt,213.09481
demandMatrix-abilene-zhang-5min-20040304-0220.txt,216.703091
demandMatrix-abilene-zhang-5min-20040304-0225.txt,210.400195
demandMatrix-abilene-zhang-5min-20040304-0230.txt,202.02328300000002
demandMatrix-abilene-zhang-5min-20040304-0235.txt,202.23254999999997
demandMatrix-abilene-zhang-5min-20040304-0240.txt,208.20265900000004
demandMatrix-abilene-zhang-5min-20040304-0245.txt,210.094982
demandMatrix-abilene-zhang-5min-20040304-0250.txt,214.412489
demandMatrix-abilene-zhang-5min-20040304-0255.txt,206.450033
demandMatrix-abilene-zhang-5min-20040304-0300.txt,205.37817799999996
demandMatrix-abilene-zhang-5min-20040304-0305.txt,198.88038600000002
demandMatrix-abilene-zhang-5min-20040304-0310.txt,195.26099900000003
demandMatrix-abilene-zhang-5min-20040304-0315.txt,193.483681
demandMatrix-abilene-zhang-5min-20040304-0320.txt,185.82577899999998
demandMatrix-abilene-zhang-5min-20040304-0325.txt,181.462029
demandMatrix-abilene-zhang-5min-20040304-0330.txt,181.41441
demandMatrix-abilene-zhang-5min-20040304-0335.txt,176.944669
demandMatrix-abilene-zhang-5min-20040304-0340.txt,177.810687
demandMatrix-abilene-zhang-5min-20040304-0345.txt,180.075557
demandMatrix-abilene-zhang-5min-20040304-0350.txt,180.43576900000002
demandMatrix-abilene-zhang-5min-20040304-0355.txt,181.746643
demandMatrix-abilene-zhang-5min-20040304-0400.txt,183.66081999999997
demandMatrix-abilene-zhang-5min-20040304-0405.txt,182.908649
demandMatrix-abilene-zhang-5min-20040304-0410.txt,175.77050799999998
demandMatrix-abilene-zhang-5min-20040304-0415.txt,168.844134
demandMatrix-abilene-zhang-5min-20040304-0420.txt,175.19459500000005
demandMatrix-abilene-zhang-5min-20040304-0425.txt,175.32084400000002
demandMatrix-abilene-zhang-5min-20040304-0430.txt,172.617277
demandMatrix-abilene-zhang-5min-20040304-0435.txt,167.936683
demandMatrix-abilene-zhang-5min-20040304-0440.txt,173.567796
demandMatrix-abilene-zhang-5min-20040304-0445.txt,179.55211099999997
demandMatrix-abilene-zhang-5min-20040304-0450.txt,183.186725
demandMatrix-abilene-zhang-5min-20040304-0455.txt,179.53526699999998
demandMatrix-abilene-zhang-5min-20040304-0500.txt,186.457375
demandMatrix-abilene-zhang-5min-20040304-0505.txt,187.18121100000002
demandMatrix-abilene-zhang-5min-20040304-0510.txt,180.302865
demandMatrix-abilene-zhang-5min-20040304-0515.txt,173.821355
demandMatrix-abilene-zhang-5min-20040304-0520.txt,175.026001
demandMatrix-abilene-zhang-5min-20040304-0525.txt,173.621048
demandMatrix-abilene-zhang-5min-20040304-0530.txt,182.840205
demandMatrix-abilene-zhang-5min-20040304-0535.txt,184.26310400000003
demandMatrix-abilene-zhang-5min-20040304-0540.txt,173.939237
demandMatrix-abilene-zhang-5min-20040304-0545.txt,168.728426
demandMatrix-abilene-zhang-5min-20040304-0550.txt,168.079644
demandMatrix-abilene-zhang-5min-20040304-0555.txt,169.35105000000001
demandMatrix-abilene-zhang-5min-20040304-0600.txt,163.948562
demandMatrix-abilene-zhang-5min-20040304-0605.txt,166.802445
demandMatrix-abilene-zhang-5min-20040304-0610.txt,169.03505899999996
demandMatrix-abilene-zhang-5min-20040304-0615.txt,165.039728
demandMatrix-abilene-zhang-5min-20040304-0620.txt,168.29035
demandMatrix-abilene-zhang-5min-20040304-0625.txt,168.66372499999997
demandMatrix-abilene-zhang-5min-20040304-0630.txt,159.250102
demandMatrix-abilene-zhang-5min-20040304-0635.txt,175.25669500000004
demandMatrix-abilene-zhang-5min-20040304-0640.txt,175.46900900000003
demandMatrix-abilene-zhang-5min-20040304-0645.txt,169.80316100000002
demandMatrix-abilene-zhang-5min-20040304-0650.txt,151.225177
demandMatrix-abilene-zhang-5min-20040304-0655.txt,152.46475999999998
demandMatrix-abilene-zhang-5min-20040304-0700.txt,162.051814
demandMatrix-abilene-zhang-5min-20040304-0705.txt,169.20474399999998
demandMatrix-abilene-zhang-5min-20040304-0710.txt,166.46697
demandMatrix-abilene-zhang-5min-20040304-0715.txt,155.08652300000003
demandMatrix-abilene-zhang-5min-20040304-0720.txt,155.95682000000002
demandMatrix-abilene-zhang-5min-20040304-0725.txt,158.93465099999997
demandMatrix-abilene-zhang-5min-20040304-0730.txt,155.15506299999998
demandMatrix-abilene-zhang-5min-20040304-0735.txt,152.30803799999998
demandMatrix-abilene-zhang-5min-20040304-0740.txt,157.26317600000002
demandMatrix-abilene-zhang-5min-20040304-0745.txt,159.67080900000002
demandMatrix-abilene-zhang-5min-20040304-0750.txt,160.85735100000002
demandMatrix-abilene-zhang-5min-20040304-0755.txt,156.25441300000003
demandMatrix-abilene-zhang-5min-20040304-0800.txt,164.00524700000003
demandMatrix-abilene-zhang-5min-20040304-0805.txt,153.669017
demandMatrix-abilene-zhang-5min-20040304-0810.txt,158.119545
demandMatrix-abilene-zhang-5min-20040304-0815.txt,161.516074
demandMatrix-abilene-zhang-5min-20040304-0820.txt,159.51238500000002
demandMatrix-abilene-zhang-5min-20040304-0825.txt,163.070886
demandMatrix-abilene-zhang-5min-20040304-0830.txt,161.1131
demandMatrix-abilene-zhang-5min-20040304-0835.txt,162.89686600000002
demandMatrix-abilene-zhang-5min-20040304-0840.txt,162.35443
demandMatrix-abilene-zhang-5min-20040304-0845.txt,166.175374
demandMatrix-abilene-zhang-5min-20040304-0850.txt,162.805741
demandMatrix-abilene-zhang-5min-20040304-0855.txt,163.29519599999998
demandMatrix-abilene-zhang-5min-20040304-0900.txt,173.10115000000002
demandMatrix-abilene-zhang-5min-20040304-0905.txt,174.620111
demandMatrix-abilene-zhang-5min-20040304-0910.txt,167.539424
demandMatrix-abilene-zhang-5min-20040304-0915.txt,166.64361599999995
demandMatrix-abilene-zhang-5min-20040304-0920.txt,165.01449300000002
demandMatrix-abilene-zhang-5min-20040304-0925.txt,168.615025
demandMatrix-abilene-zhang-5min-20040304-0930.txt,170.616439
demandMatrix-abilene-zhang-5min-20040304-0935.txt,169.624957
demandMatrix-abilene-zhang-5min-20040304-0940.txt,168.69768600000003
demandMatrix-abilene-zhang-5min-20040304-0945.txt,165.52619399999998
demandMatrix-abilene-zhang-5min-20040304-0950.txt,167.48149099999998
demandMatrix-abilene-zhang-5min-20040304-0955.txt,165.51208699999998
demandMatrix-abilene-zhang-5min-20040304-1000.txt,162.34763
demandMatrix-abilene-zhang-5min-20040304-1005.txt,165.946347
demandMatrix-abilene-zhang-5min-20040304-1010.txt,177.74981800000003
demandMatrix-abilene-zhang-5min-20040304-1015.txt,172.96583100000004
demandMatrix-abilene-zhang-5min-20040304-1020.txt,166.48929499999997
demandMatrix-abilene-zhang-5min-20040304-1025.txt,160.651986
demandMatrix-abilene-zhang-5min-20040304-1030.txt,170.133728
demandMatrix-abilene-zhang-5min-20040304-1035.txt,164.97977
demandMatrix-abilene-zhang-5min-20040304-1040.txt,169.60340799999997
demandMatrix-abilene-zhang-5min-20040304-1045.txt,172.48047799999998
demandMatrix-abilene-zhang-5min-20040304-1050.txt,171.345374
demandMatrix-abilene-zhang-5min-20040304-1055.txt,170.47581900000003
demandMatrix-abilene-zhang-5min-20040304-1100.txt,166.55953300000002
demandMatrix-abilene-zhang-5min-20040304-1105.txt,163.970115
demandMatrix-abilene-zhang-5min-20040304-1110.txt,171.609998
demandMatrix-abilene-zhang-5min-20040304-1115.txt,172.89489000000003
demandMatrix-abilene-zhang-5min-20040304-1120.txt,177.61623300000002
demandMatrix-abilene-zhang-5min-20040304-1125.txt,175.03153900000004
demandMatrix-abilene-zhang-5min-20040304-1130.txt,176.98511899999997
demandMatrix-abilene-zhang-5min-20040304-1135.txt,163.57694800000002
demandMatrix-abilene-zhang-5min-20040304-1140.txt,165.238608
demandMatrix-abilene-zhang-5min-20040304-1145.txt,167.00728999999998
demandMatrix-abilene-zhang-5min-20040304-1150.txt,166.505739
demandMatrix-abilene-zhang-5min-20040304-1155.txt,165.264702
demandMatrix-abilene-zhang-5min-20040304-1200.txt,156.36379800000003
demandMatrix-abilene-zhang-5min-20040304-1205.txt,161.89330900000002
demandMatrix-abilene-zhang-5min-20040304-1210.txt,160.16302000000002
demandMatrix-abilene-zhang-5min-20040304-1215.txt,160.382986
demandMatrix-abilene-zhang-5min-20040304-1220.txt,164.081318
demandMatrix-abilene-zhang-5min-20040304-1225.txt,168.82082
demandMatrix-abilene-zhang-5min-20040304-1230.txt,169.623152
demandMatrix-abilene-zhang-5min-20040304-1235.txt,164.362651
demandMatrix-abilene-zhang-5min-20040304-1240.txt,165.563749
demandMatrix-abilene-zhang-5min-20040304-1245.txt,162.71607
demandMatrix-abilene-zhang-5min-20040304-1250.txt,166.48370000000003
demandMatrix-abilene-zhang-5min-20040304-1255.txt,163.13809400000002
demandMatrix-abilene-zhang-5min-20040304-1300.txt,161.44738
demandMatrix-abilene-zhang-5min-20040304-1305.txt,168.898173
demandMatrix-abilene-zhang-5min-20040304-1310.txt,165.719191
demandMatrix-abilene-zhang-5min-20040304-1315.txt,166.303926
demandMatrix-abilene-zhang-5min-20040304-1320.txt,173.35489600000002
demandMatrix-abilene-zhang-5min-20040304-1325.txt,177.431707
demandMatrix-abilene-zhang-5min-20040304-1330.txt,168.480142
demandMatrix-abilene-zhang-5min-20040304-1335.txt,162.256126
demandMatrix-abilene-zhang-5min-20040304-1340.txt,157.649565
demandMatrix-abilene-zhang-5min-20040304-1345.txt,154.401079
demandMatrix-abilene-zhang-5min-20040304-1350.txt,161.50228099999998
demandMatrix-abilene-zhang-5min-20040304-1355.txt,167.20676400000002
demandMatrix-abilene-zhang-5min-20040304-1400.txt,166.14258999999998
demandMatrix-abilene-zhang-5min-20040304-1405.txt,176.70751199999998
demandMatrix-abilene-zhang-5min-20040304-1410.txt,191.147022
demandMatrix-abilene-zhang-5min-20040304-1415.txt,189.127385
demandMatrix-abilene-zhang-5min-20040304-1420.txt,187.64795700000002
demandMatrix-abilene-zhang-5min-20040304-1425.txt,186.39258600000002
demandMatrix-abilene-zhang-5min-20040304-1430.txt,188.99099400000003
demandMatrix-abilene-zhang-5min-20040304-1435.txt,187.186966
demandMatrix-abilene-zhang-5min-20040304-1440.txt,186.74247899999997
demandMatrix-abilene-zhang-5min-20040304-1445.txt,192.78033299999998
demandMatrix-abilene-zhang-5min-20040304-1450.txt,192.238577
demandMatrix-abilene-zhang-5min-20040304-1455.txt,197.283106
demandMatrix-abilene-zhang-5min-20040304-1500.txt,202.600313
demandMatrix-abilene-zhang-5min-20040304-1505.txt,205.33716499999997
demandMatrix-abilene-zhang-5min-20040304-1510.txt,196.37395399999994
demandMatrix-abilene-zhang-5min-20040304-1515.txt,192.62841599999996
demandMatrix-abilene-zhang-5min-20040304-1520.txt,202.19030299999997
demandMatrix-abilene-zhang-5min-20040304-1525.txt,203.547918
demandMatrix-abilene-zhang-5min-20040304-1530.txt,204.343131
demandMatrix-abilene-zhang-5min-20040304-1535.txt,205.97152599999998
demandMatrix-abilene-zhang-5min-20040304-1540.txt,209.995875
demandMatrix-abilene-zhang-5min-20040304-1545.txt,207.293994
demandMatrix-abilene-zhang-5min-20040304-1550.txt,213.559803
demandMatrix-abilene-zhang-5min-20040304-1555.txt,214.38630799999999
demandMatrix-abilene-zhang-5min-20040304-1600.txt,229.99574099999998
demandMatrix-abilene-zhang-5min-20040304-1605.txt,262.371043
demandMatrix-abilene-zhang-5min-20040304-1610.txt,250.11643399999997
demandMatrix-abilene-zhang-5min-20040304-1615.txt,219.602497
demandMatrix-abilene-zhang-5min-20040304-1620.txt,218.32752599999998
demandMatrix-abilene-zhang-5min-20040304-1625.txt,216.70933000000002
demandMatrix-abilene-zhang-5min-20040304-1630.txt,220.413946
demandMatrix-abilene-zhang-5min-20040304-1635.txt,219.38516
demandMatrix-abilene-zhang-5min-20040304-1640.txt,216.313577
demandMatrix-abilene-zhang-5min-20040304-1645.txt,214.11356800000001
demandMatrix-abilene-zhang-5min-20040304-1650.txt,236.167268
demandMatrix-abilene-zhang-5min-20040304-1655.txt,239.47930599999998
demandMatrix-abilene-zhang-5min-20040304-1700.txt,235.79050999999998
demandMatrix-abilene-zhang-5min-20040304-1705.txt,239.466915
demandMatrix-abilene-zhang-5min-20040304-1710.txt,247.86342000000002
demandMatrix-abilene-zhang-5min-20040304-1715.txt,250.374746
demandMatrix-abilene-zhang-5min-20040304-1720.txt,242.357325
demandMatrix-abilene-zhang-5min-20040304-1725.txt,247.913733
demandMatrix-abilene-zhang-5min-20040304-1730.txt,247.820163
demandMatrix-abilene-zhang-5min-20040304-1735.txt,252.360289
demandMatrix-abilene-zhang-5min-20040304-1740.txt,256.27947900000004
demandMatrix-abilene-zhang-5min-20040304-1745.txt,252.830144
demandMatrix-abilene-zhang-5min-20040304-1750.txt,252.01369799999998
demandMatrix-abilene-zhang-5min-20040304-1755.txt,252.467357
demandMatrix-abilene-zhang-5min-20040304-1800.txt,255.356772
demandMatrix-abilene-zhang-5min-20040304-1805.txt,251.639758
demandMatrix-abilene-zhang-5min-20040304-1810.txt,247.45588800000002
demandMatrix-abilene-zhang-5min-20040304-1815.txt,249.83392399999997
demandMatrix-abilene-zhang-5min-20040304-1820.txt,256.783948
demandMatrix-abilene-zhang-5min-20040304-1825.txt,262.372971
demandMatrix-abilene-zhang-5min-20040304-1830.txt,271.526654
demandMatrix-abilene-zhang-5min-20040304-1835.txt,275.51482999999996
demandMatrix-abilene-zhang-5min-20040304-1840.txt,279.34306499999997
demandMatrix-abilene-zhang-5min-20040304-1845.txt,270.35565199999996
demandMatrix-abilene-zhang-5min-20040304-1850.txt,272.469768
demandMatrix-abilene-zhang-5min-20040304-1855.txt,275.68642000000006
demandMatrix-abilene-zhang-5min-20040304-1900.txt,274.630733
demandMatrix-abilene-zhang-5min-20040304-1905.txt,264.770855
demandMatrix-abilene-zhang-5min-20040304-1910.txt,273.545249
demandMatrix-abilene-zhang-5min-20040304-1915.txt,271.335184
demandMatrix-abilene-zhang-5min-20040304-1920.txt,281.601182
demandMatrix-abilene-zhang-5min-20040304-1925.txt,290.362885
demandMatrix-abilene-zhang-5min-20040304-1930.txt,286.674472
demandMatrix-abilene-zhang-5min-20040304-1935.txt,285.70233300000007
demandMatrix-abilene-zhang-5min-20040304-1940.txt,272.88869800000003
demandMatrix-abilene-zhang-5min-20040304-1945.txt,268.540074
demandMatrix-abilene-zhang-5min-20040304-1950.txt,267.814474
demandMatrix-abilene-zhang-5min-20040304-1955.txt,277.295619
demandMatrix-abilene-zhang-5min-20040304-2000.txt,279.072219
demandMatrix-abilene-zhang-5min-20040304-2005.txt,288.071423
demandMatrix-abilene-zhang-5min-20040304-2010.txt,294.663191
demandMatrix-abilene-zhang-5min-20040304-2015.txt,283.592626
demandMatrix-abilene-zhang-5min-20040304-2020.txt,275.59224800000004
demandMatrix-abilene-zhang-5min-20040304-2025.txt,268.24126099999995
demandMatrix-abilene-zhang-5min-20040304-2030.txt,263.306124
demandMatrix-abilene-zhang-5min-20040304-2035.txt,260.756341
demandMatrix-abilene-zhang-5min-20040304-2040.txt,263.396092
demandMatrix-abilene-zhang-5min-20040304-2045.txt,263.794316
demandMatrix-abilene-zhang-5min-20040304-2050.txt,264.3564
demandMatrix-abilene-zhang-5min-20040304-2055.txt,269.176943
demandMatrix-abilene-zhang-5min-20040304-2100.txt,260.768068
demandMatrix-abilene-zhang-5min-20040304-2105.txt,257.415952
demandMatrix-abilene-zhang-5min-20040304-2110.txt,270.656973
demandMatrix-abilene-zhang-5min-20040304-2115.txt,257.955112
demandMatrix-abilene-zhang-5min-20040304-2120.txt,255.286659
demandMatrix-abilene-zhang-5min-20040304-2125.txt,263.179632
demandMatrix-abilene-zhang-5min-20040304-2130.txt,260.468142
demandMatrix-abilene-zhang-5min-20040304-2135.txt,258.503201
demandMatrix-abilene-zhang-5min-20040304-2140.txt,248.23695299999997
demandMatrix-abilene-zhang-5min-20040304-2145.txt,257.076953
demandMatrix-abilene-zhang-5min-20040304-2150.txt,265.607413
demandMatrix-abilene-zhang-5min-20040304-2155.txt,256.066259
demandMatrix-abilene-zhang-5min-20040304-2200.txt,257.005021
demandMatrix-abilene-zhang-5min-20040304-2205.txt,259.03027199999997
demandMatrix-abilene-zhang-5min-20040304-2210.txt,260.46894399999996
demandMatrix-abilene-zhang-5min-20040304-2215.txt,252.27013100000002
demandMatrix-abilene-zhang-5min-20040304-2220.txt,252.17515600000002
demandMatrix-abilene-zhang-5min-20040304-2225.txt,261.89660599999996
demandMatrix-abilene-zhang-5min-20040304-2230.txt,271.673675
demandMatrix-abilene-zhang-5min-20040304-2235.txt,274.804915
demandMatrix-abilene-zhang-5min-20040304-2240.txt,264.483909
demandMatrix-abilene-zhang-5min-20040304-2245.txt,263.699237
demandMatrix-abilene-zhang-5min-20040304-2250.txt,254.447201
demandMatrix-abilene-zhang-5min-20040304-2255.txt,253.30430700000002
demandMatrix-abilene-zhang-5min-20040304-2300.txt,245.283174
demandMatrix-abilene-zhang-5min-20040304-2305.txt,232.40684900000002
demandMatrix-abilene-zhang-5min-20040304-2310.txt,235.12097599999998
demandMatrix-abilene-zhang-5min-20040304-2315.txt,229.545308
demandMatrix-abilene-zhang-5min-20040304-2320.txt,231.15175299999996
demandMatrix-abilene-zhang-5min-20040304-2325.txt,224.42570899999998
demandMatrix-abilene-zhang-5min-20040304-2330.txt,222.078419
demandMatrix-abilene-zhang-5min-20040304-2335.txt,232.802359
demandMatrix-abilene-zhang-5min-20040304-2340.txt,242.02024600000001
demandMatrix-abilene-zhang-5min-20040304-2345.txt,234.264356
demandMatrix-abilene-zhang-5min-20040304-2350.txt,228.47841000000003
demandMatrix-abilene-zhang-5min-20040304-2355.txt,232.67236400000002
demandMatrix-abilene-zhang-5min-20040305-0000.txt,216.319096
demandMatrix-abilene-zhang-5min-20040305-0005.txt,220.16237100000004
demandMatrix-abilene-zhang-5min-20040305-0010.txt,233.40125799999998
demandMatrix-abilene-zhang-5min-20040305-0015.txt,237.247092
demandMatrix-abilene-zhang-5min-20040305-0020.txt,232.993942
demandMatrix-abilene-zhang-5min-20040305-0025.txt,227.81858400000002
demandMatrix-abilene-zhang-5min-20040305-0030.txt,224.553372
demandMatrix-abilene-zhang-5min-20040305-0035.txt,214.83190800000006
demandMatrix-abilene-zhang-5min-20040305-0040.txt,206.689706
demandMatrix-abilene-zhang-5min-20040305-0045.txt,205.377269
demandMatrix-abilene-zhang-5min-20040305-0050.txt,208.724026
demandMatrix-abilene-zhang-5min-20040305-0055.txt,191.378256
demandMatrix-abilene-zhang-5min-20040305-0100.txt,188.35094999999998
demandMatrix-abilene-zhang-5min-20040305-0105.txt,197.441945
demandMatrix-abilene-zhang-5min-20040305-0110.txt,195.798133
demandMatrix-abilene-zhang-5min-20040305-0115.txt,201.290872
demandMatrix-abilene-zhang-5min-20040305-0120.txt,203.292147
demandMatrix-abilene-zhang-5min-20040305-0125.txt,200.82927400000003
demandMatrix-abilene-zhang-5min-20040305-0130.txt,193.864538
demandMatrix-abilene-zhang-5min-20040305-0135.txt,190.451646
demandMatrix-abilene-zhang-5min-20040305-0140.txt,200.76254799999998
demandMatrix-abilene-zhang-5min-20040305-0145.txt,196.86460200000002
demandMatrix-abilene-zhang-5min-20040305-0150.txt,198.390498
demandMatrix-abilene-zhang-5min-20040305-0155.txt,190.08402800000002
demandMatrix-abilene-zhang-5min-20040305-0200.txt,189.39507599999996
demandMatrix-abilene-zhang-5min-20040305-0205.txt,191.25483200000002
demandMatrix-abilene-zhang-5min-20040305-0210.txt,195.599243
demandMatrix-abilene-zhang-5min-20040305-0215.txt,196.279178
demandMatrix-abilene-zhang-5min-20040305-0220.txt,191.96759699999998
demandMatrix-abilene-zhang-5min-20040305-0225.txt,193.995064
demandMatrix-abilene-zhang-5min-20040305-0230.txt,204.04557
demandMatrix-abilene-zhang-5min-20040305-0235.txt,205.583105
demandMatrix-abilene-zhang-5min-20040305-0240.txt,191.44948
demandMatrix-abilene-zhang-5min-20040305-0245.txt,195.566429
demandMatrix-abilene-zhang-5min-20040305-0250.txt,192.001328
demandMatrix-abilene-zhang-5min-20040305-0255.txt,188.72534000000002
demandMatrix-abilene-zhang-5min-20040305-0300.txt,181.210394
demandMatrix-abilene-zhang-5min-20040305-0305.txt,181.93166300000001
demandMatrix-abilene-zhang-5min-20040305-0310.txt,188.184265
demandMatrix-abilene-zhang-5min-20040305-0315.txt,186.871831
demandMatrix-abilene-zhang-5min-20040305-0320.txt,194.79721500000002
demandMatrix-abilene-zhang-5min-20040305-0325.txt,182.28375499999999
demandMatrix-abilene-zhang-5min-20040305-0330.txt,174.70753599999998
demandMatrix-abilene-zhang-5min-20040305-0335.txt,179.35245000000003
demandMatrix-abilene-zhang-5min-20040305-0340.txt,197.44360500000002
demandMatrix-abilene-zhang-5min-20040305-0345.txt,204.827737
demandMatrix-abilene-zhang-5min-20040305-0350.txt,202.775301
demandMatrix-abilene-zhang-5min-20040305-0355.txt,194.15049400000004
demandMatrix-abilene-zhang-5min-20040305-0400.txt,188.67331700000003
demandMatrix-abilene-zhang-5min-20040305-0405.txt,192.90914999999998
demandMatrix-abilene-zhang-5min-20040305-0410.txt,173.57264700000002
demandMatrix-abilene-zhang-5min-20040305-0415.txt,178.335919
demandMatrix-abilene-zhang-5min-20040305-0420.txt,173.15657000000004
demandMatrix-abilene-zhang-5min-20040305-0425.txt,171.33692499999998
demandMatrix-abilene-zhang-5min-20040305-0430.txt,168.90737
demandMatrix-abilene-zhang-5min-20040305-0435.txt,174.28867000000002
demandMatrix-abilene-zhang-5min-20040305-0440.txt,176.227688
demandMatrix-abilene-zhang-5min-20040305-0445.txt,172.36975800000002
demandMatrix-abilene-zhang-5min-20040305-0450.txt,173.956949
demandMatrix-abilene-zhang-5min-20040305-0455.txt,171.874659
demandMatrix-abilene-zhang-5min-20040305-0500.txt,169.80411100000003
demandMatrix-abilene-zhang-5min-20040305-0505.txt,164.174932
demandMatrix-abilene-zhang-5min-20040305-0510.txt,158.383959
demandMatrix-abilene-zhang-5min-20040305-0515.txt,155.832216
demandMatrix-abilene-zhang-5min-20040305-0520.txt,157.687033
demandMatrix-abilene-zhang-5min-20040305-0525.txt,159.51068999999998
demandMatrix-abilene-zhang-5min-20040305-0530.txt,170.285074
demandMatrix-abilene-zhang-5min-20040305-0535.txt,165.535757
demandMatrix-abilene-zhang-5min-20040305-0540.txt,169.322928
demandMatrix-abilene-zhang-5min-20040305-0545.txt,166.43328799999998
demandMatrix-abilene-zhang-5min-20040305-0550.txt,165.824307
demandMatrix-abilene-zhang-5min-20040305-0555.txt,168.619552
demandMatrix-abilene-zhang-5min-20040305-0600.txt,165.28031800000002
demandMatrix-abilene-zhang-5min-20040305-0605.txt,160.68857
demandMatrix-abilene-zhang-5min-20040305-0610.txt,159.699384
demandMatrix-abilene-zhang-5min-20040305-0615.txt,152.18875699999998
demandMatrix-abilene-zhang-5min-20040305-0620.txt,149.16893699999997
demandMatrix-abilene-zhang-5min-20040305-0625.txt,158.656185
demandMatrix-abilene-zhang-5min-20040305-0630.txt,170.673386
demandMatrix-abilene-zhang-5min-20040305-0635.txt,164.814535
demandMatrix-abilene-zhang-5min-20040305-0640.txt,170.78959799999998
demandMatrix-abilene-zhang-5min-20040305-0645.txt,166.406196
demandMatrix-abilene-zhang-5min-20040305-0650.txt,170.27984000000004
demandMatrix-abilene-zhang-5min-20040305-0655.txt,168.13406600000002
demandMatrix-abilene-zhang-5min-20040305-0700.txt,162.892334
demandMatrix-abilene-zhang-5min-20040305-0705.txt,156.978838
demandMatrix-abilene-zhang-5min-20040305-0710.txt,160.35956299999998
demandMatrix-abilene-zhang-5min-20040305-0715.txt,167.73006500000002
demandMatrix-abilene-zhang-5min-20040305-0720.txt,166.412149
demandMatrix-abilene-zhang-5min-20040305-0725.txt,167.885586
demandMatrix-abilene-zhang-5min-20040305-0730.txt,162.677124
demandMatrix-abilene-zhang-5min-20040305-0735.txt,162.094487
demandMatrix-abilene-zhang-5min-20040305-0740.txt,154.37107600000002
demandMatrix-abilene-zhang-5min-20040305-0745.txt,155.992641
demandMatrix-abilene-zhang-5min-20040305-0750.txt,157.80983200000003
demandMatrix-abilene-zhang-5min-20040305-0755.txt,158.060646
demandMatrix-abilene-zhang-5min-20040305-0800.txt,163.351848
demandMatrix-abilene-zhang-5min-20040305-0805.txt,179.340472
demandMatrix-abilene-zhang-5min-20040305-0810.txt,172.221275
demandMatrix-abilene-zhang-5min-20040305-0815.txt,160.508571
demandMatrix-abilene-zhang-5min-20040305-0820.txt,163.13498700000002
demandMatrix-abilene-zhang-5min-20040305-0825.txt,166.076333
demandMatrix-abilene-zhang-5min-20040305-0830.txt,163.706393
demandMatrix-abilene-zhang-5min-20040305-0835.txt,166.38985100000002
demandMatrix-abilene-zhang-5min-20040305-0840.txt,160.61105099999997
demandMatrix-abilene-zhang-5min-20040305-0845.txt,166.927867
demandMatrix-abilene-zhang-5min-20040305-0850.txt,172.28887
demandMatrix-abilene-zhang-5min-20040305-0855.txt,179.423215
demandMatrix-abilene-zhang-5min-20040305-0900.txt,164.32962600000002
demandMatrix-abilene-zhang-5min-20040305-0905.txt,160.040757
demandMatrix-abilene-zhang-5min-20040305-0910.txt,155.105071
demandMatrix-abilene-zhang-5min-20040305-0915.txt,158.26625299999995
demandMatrix-abilene-zhang-5min-20040305-0920.txt,166.235949
demandMatrix-abilene-zhang-5min-20040305-0925.txt,167.06786
demandMatrix-abilene-zhang-5min-20040305-0930.txt,176.09580299999996
demandMatrix-abilene-zhang-5min-20040305-0935.txt,183.26969300000002
demandMatrix-abilene-zhang-5min-20040305-0940.txt,174.621532
demandMatrix-abilene-zhang-5min-20040305-0945.txt,179.84048299999998
demandMatrix-abilene-zhang-5min-20040305-0950.txt,179.525738
demandMatrix-abilene-zhang-5min-20040305-0955.txt,170.546156
demandMatrix-abilene-zhang-5min-20040305-1000.txt,179.63944700000002
demandMatrix-abilene-zhang-5min-20040305-1005.txt,169.08192
demandMatrix-abilene-zhang-5min-20040305-1010.txt,169.85606400000003
demandMatrix-abilene-zhang-5min-20040305-1015.txt,169.431175
demandMatrix-abilene-zhang-5min-20040305-1020.txt,172.022568
demandMatrix-abilene-zhang-5min-20040305-1025.txt,163.91276999999997
demandMatrix-abilene-zhang-5min-20040305-1030.txt,161.78433099999998
demandMatrix-abilene-zhang-5min-20040305-1035.txt,170.840069
demandMatrix-abilene-zhang-5min-20040305-1040.txt,178.14340800000002
demandMatrix-abilene-zhang-5min-20040305-1045.txt,176.831498
demandMatrix-abilene-zhang-5min-20040305-1050.txt,168.489356
demandMatrix-abilene-zhang-5min-20040305-1055.txt,164.41018100000002
demandMatrix-abilene-zhang-5min-20040305-1100.txt,171.33506999999994
demandMatrix-abilene-zhang-5min-20040305-1105.txt,171.864755
demandMatrix-abilene-zhang-5min-20040305-1110.txt,169.81334900000002
demandMatrix-abilene-zhang-5min-20040305-1115.txt,165.416259
demandMatrix-abilene-zhang-5min-20040305-1120.txt,161.196914
demandMatrix-abilene-zhang-5min-20040305-1125.txt,170.412693
demandMatrix-abilene-zhang-5min-20040305-1130.txt,169.365754
demandMatrix-abilene-zhang-5min-20040305-1135.txt,173.476411
demandMatrix-abilene-zhang-5min-20040305-1140.txt,171.56637099999998
demandMatrix-abilene-zhang-5min-20040305-1145.txt,169.227133
demandMatrix-abilene-zhang-5min-20040305-1150.txt,171.05661000000003
demandMatrix-abilene-zhang-5min-20040305-1155.txt,171.938742
demandMatrix-abilene-zhang-5min-20040305-1200.txt,166.63353
demandMatrix-abilene-zhang-5min-20040305-1205.txt,161.633052
demandMatrix-abilene-zhang-5min-20040305-1210.txt,162.59935
demandMatrix-abilene-zhang-5min-20040305-1215.txt,165.211539
demandMatrix-abilene-zhang-5min-20040305-1220.txt,165.0211
demandMatrix-abilene-zhang-5min-20040305-1225.txt,163.64450100000002
demandMatrix-abilene-zhang-5min-20040305-1230.txt,159.41799500000002
demandMatrix-abilene-zhang-5min-20040305-1235.txt,166.382395
demandMatrix-abilene-zhang-5min-20040305-1240.txt,166.398706
demandMatrix-abilene-zhang-5min-20040305-1245.txt,171.27352900000002
demandMatrix-abilene-zhang-5min-20040305-1250.txt,166.09974499999998
demandMatrix-abilene-zhang-5min-20040305-1255.txt,159.335672
demandMatrix-abilene-zhang-5min-20040305-1300.txt,159.096487
demandMatrix-abilene-zhang-5min-20040305-1305.txt,168.737843
demandMatrix-abilene-zhang-5min-20040305-1310.txt,175.447739
demandMatrix-abilene-zhang-5min-20040305-1315.txt,170.61959599999997
demandMatrix-abilene-zhang-5min-20040305-1320.txt,165.86809700000003
demandMatrix-abilene-zhang-5min-20040305-1325.txt,166.095499
demandMatrix-abilene-zhang-5min-20040305-1330.txt,171.347101
demandMatrix-abilene-zhang-5min-20040305-1335.txt,171.80347700000002
demandMatrix-abilene-zhang-5min-20040305-1340.txt,178.35136
demandMatrix-abilene-zhang-5min-20040305-1345.txt,178.784829
demandMatrix-abilene-zhang-5min-20040305-1350.txt,184.06809900000002
demandMatrix-abilene-zhang-5min-20040305-1355.txt,186.255739
demandMatrix-abilene-zhang-5min-20040305-1400.txt,186.99260500000003
demandMatrix-abilene-zhang-5min-20040305-1405.txt,190.856797
demandMatrix-abilene-zhang-5min-20040305-1410.txt,182.49360900000002
demandMatrix-abilene-zhang-5min-20040305-1415.txt,181.581504
demandMatrix-abilene-zhang-5min-20040305-1420.txt,194.77265899999998
demandMatrix-abilene-zhang-5min-20040305-1425.txt,206.56485600000002
demandMatrix-abilene-zhang-5min-20040305-1430.txt,200.32287700000003
demandMatrix-abilene-zhang-5min-20040305-1435.txt,189.46599799999998
demandMatrix-abilene-zhang-5min-20040305-1440.txt,192.828523
demandMatrix-abilene-zhang-5min-20040305-1445.txt,196.07691300000002
demandMatrix-abilene-zhang-5min-20040305-1450.txt,197.34110299999995
demandMatrix-abilene-zhang-5min-20040305-1455.txt,197.37374700000004
demandMatrix-abilene-zhang-5min-20040305-1500.txt,202.39601100000002
demandMatrix-abilene-zhang-5min-20040305-1505.txt,204.83874100000003
demandMatrix-abilene-zhang-5min-20040305-1510.txt,199.753381
demandMatrix-abilene-zhang-5min-20040305-1515.txt,208.460394
demandMatrix-abilene-zhang-5min-20040305-1520.txt,210.532463
demandMatrix-abilene-zhang-5min-20040305-1525.txt,204.662124
demandMatrix-abilene-zhang-5min-20040305-1530.txt,209.96875800000004
demandMatrix-abilene-zhang-5min-20040305-1535.txt,207.80152999999999
demandMatrix-abilene-zhang-5min-20040305-1540.txt,204.58440299999998
demandMatrix-abilene-zhang-5min-20040305-1545.txt,213.41469800000002
demandMatrix-abilene-zhang-5min-20040305-1550.txt,212.27527499999997
demandMatrix-abilene-zhang-5min-20040305-1555.txt,210.65603899999996
demandMatrix-abilene-zhang-5min-20040305-1600.txt,237.19858499999995
demandMatrix-abilene-zhang-5min-20040305-1605.txt,247.953315
demandMatrix-abilene-zhang-5min-20040305-1610.txt,238.08792499999998
demandMatrix-abilene-zhang-5min-20040305-1615.txt,221.49294200000003
demandMatrix-abilene-zhang-5min-20040305-1620.txt,218.41101700000004
demandMatrix-abilene-zhang-5min-20040305-1625.txt,215.324566
demandMatrix-abilene-zhang-5min-20040305-1630.txt,220.156881
demandMatrix-abilene-zhang-5min-20040305-1635.txt,221.21400699999998
demandMatrix-abilene-zhang-5min-20040305-1640.txt,218.76039099999997
demandMatrix-abilene-zhang-5min-20040305-1645.txt,225.05757799999998
demandMatrix-abilene-zhang-5min-20040305-1650.txt,229.80553199999997
demandMatrix-abilene-zhang-5min-20040305-1655.txt,227.868217
demandMatrix-abilene-zhang-5min-20040305-1700.txt,221.408621
demandMatrix-abilene-zhang-5min-20040305-1705.txt,222.84876500000004
demandMatrix-abilene-zhang-5min-20040305-1710.txt,228.15261900000002
demandMatrix-abilene-zhang-5min-20040305-1715.txt,226.989846
demandMatrix-abilene-zhang-5min-20040305-1720.txt,224.11224700000002
demandMatrix-abilene-zhang-5min-20040305-1725.txt,235.345358
demandMatrix-abilene-zhang-5min-20040305-1730.txt,247.92077399999997
demandMatrix-abilene-zhang-5min-20040305-1735.txt,250.208932
demandMatrix-abilene-zhang-5min-20040305-1740.txt,244.299656
demandMatrix-abilene-zhang-5min-20040305-1745.txt,243.85369599999999
demandMatrix-abilene-zhang-5min-20040305-1750.txt,239.088741
demandMatrix-abilene-zhang-5min-20040305-1755.txt,236.03431
demandMatrix-abilene-zhang-5min-20040305-1800.txt,240.91783999999998
demandMatrix-abilene-zhang-5min-20040305-1805.txt,245.82570300000003
demandMatrix-abilene-zhang-5min-20040305-1810.txt,253.757408
demandMatrix-abilene-zhang-5min-20040305-1815.txt,255.92981500000002
demandMatrix-abilene-zhang-5min-20040305-1820.txt,246.35125399999998
demandMatrix-abilene-zhang-5min-20040305-1825.txt,261.90565599999996
demandMatrix-abilene-zhang-5min-20040305-1830.txt,259.690091
demandMatrix-abilene-zhang-5min-20040305-1835.txt,258.531069
demandMatrix-abilene-zhang-5min-20040305-1840.txt,250.772888
demandMatrix-abilene-zhang-5min-20040305-1845.txt,244.75076099999998
demandMatrix-abilene-zhang-5min-20040305-1850.txt,242.73314200000004
demandMatrix-abilene-zhang-5min-20040305-1855.txt,237.00581000000003
demandMatrix-abilene-zhang-5min-20040305-1900.txt,249.656917
demandMatrix-abilene-zhang-5min-20040305-1905.txt,240.23454199999998
demandMatrix-abilene-zhang-5min-20040305-1910.txt,249.95034100000004
demandMatrix-abilene-zhang-5min-20040305-1915.txt,259.01101400000005
demandMatrix-abilene-zhang-5min-20040305-1920.txt,254.522339
demandMatrix-abilene-zhang-5min-20040305-1925.txt,266.044729
demandMatrix-abilene-zhang-5min-20040305-1930.txt,267.904981
demandMatrix-abilene-zhang-5min-20040305-1935.txt,272.442901
demandMatrix-abilene-zhang-5min-20040305-1940.txt,274.89425200000005
demandMatrix-abilene-zhang-5min-20040305-1945.txt,266.75631699999997
demandMatrix-abilene-zhang-5min-20040305-1950.txt,260.89958
demandMatrix-abilene-zhang-5min-20040305-1955.txt,267.940725
demandMatrix-abilene-zhang-5min-20040305-2000.txt,280.09549200000004
demandMatrix-abilene-zhang-5min-20040305-2005.txt,278.108637
demandMatrix-abilene-zhang-5min-20040305-2010.txt,274.461819
demandMatrix-abilene-zhang-5min-20040305-2015.txt,272.439369
demandMatrix-abilene-zhang-5min-20040305-2020.txt,251.025536
demandMatrix-abilene-zhang-5min-20040305-2025.txt,247.584621
demandMatrix-abilene-zhang-5min-20040305-2030.txt,268.24152
demandMatrix-abilene-zhang-5min-20040305-2035.txt,264.209879
demandMatrix-abilene-zhang-5min-20040305-2040.txt,269.803045
demandMatrix-abilene-zhang-5min-20040305-2045.txt,261.205122
demandMatrix-abilene-zhang-5min-20040305-2050.txt,271.406045
demandMatrix-abilene-zhang-5min-20040305-2055.txt,253.99238899999997
demandMatrix-abilene-zhang-5min-20040305-2100.txt,255.988692
demandMatrix-abilene-zhang-5min-20040305-2105.txt,256.688262
demandMatrix-abilene-zhang-5min-20040305-2110.txt,250.73952299999993
demandMatrix-abilene-zhang-5min-20040305-2115.txt,249.951509
demandMatrix-abilene-zhang-5min-20040305-2120.txt,248.530578
demandMatrix-abilene-zhang-5min-20040305-2125.txt,237.366916
demandMatrix-abilene-zhang-5min-20040305-2130.txt,234.437384
demandMatrix-abilene-zhang-5min-20040305-2135.txt,235.78465299999996
demandMatrix-abilene-zhang-5min-20040305-2140.txt,227.184218
demandMatrix-abilene-zhang-5min-20040305-2145.txt,229.229088
demandMatrix-abilene-zhang-5min-20040305-2150.txt,232.810919
demandMatrix-abilene-zhang-5min-20040305-2155.txt,230.216592
demandMatrix-abilene-zhang-5min-20040305-2200.txt,228.076438
demandMatrix-abilene-zhang-5min-20040305-2205.txt,228.67523500000001
demandMatrix-abilene-zhang-5min-20040305-2210.txt,221.331441
demandMatrix-abilene-zhang-5min-20040305-2215.txt,220.45586400000002
demandMatrix-abilene-zhang-5min-20040305-2220.txt,218.79202700000002
demandMatrix-abilene-zhang-5min-20040305-2225.txt,231.107623
demandMatrix-abilene-zhang-5min-20040305-2230.txt,233.75853799999996
demandMatrix-abilene-zhang-5min-20040305-2235.txt,233.462921
demandMatrix-abilene-zhang-5min-20040305-2240.txt,239.384567
demandMatrix-abilene-zhang-5min-20040305-2245.txt,211.847622
demandMatrix-abilene-zhang-5min-20040305-2250.txt,221.432112
demandMatrix-abilene-zhang-5min-20040305-2255.txt,220.38929000000002
demandMatrix-abilene-zhang-5min-20040305-2300.txt,214.120822
demandMatrix-abilene-zhang-5min-20040305-2305.txt,205.865541
demandMatrix-abilene-zhang-5min-20040305-2310.txt,217.13654799999998
demandMatrix-abilene-zhang-5min-20040305-2315.txt,216.966664
demandMatrix-abilene-zhang-5min-20040305-2320.txt,218.03808499999997
demandMatrix-abilene-zhang-5min-20040305-2325.txt,219.39500599999997
demandMatrix-abilene-zhang-5min-20040305-2330.txt,210.564786
demandMatrix-abilene-zhang-5min-20040305-2335.txt,256.84571700000004
demandMatrix-abilene-zhang-5min-20040305-2340.txt,254.751129
demandMatrix-abilene-zhang-5min-20040305-2345.txt,256.313187
demandMatrix-abilene-zhang-5min-20040305-2350.txt,259.65245699999997
demandMatrix-abilene-zhang-5min-20040305-2355.txt,260.942836
demandMatrix-abilene-zhang-5min-20040306-0000.txt,257.81633999999997
demandMatrix-abilene-zhang-5min-20040306-0005.txt,256.774841
demandMatrix-abilene-zhang-5min-20040306-0010.txt,255.540171
demandMatrix-abilene-zhang-5min-20040306-0015.txt,246.47918300000003
demandMatrix-abilene-zhang-5min-20040306-0020.txt,213.93633700000004
demandMatrix-abilene-zhang-5min-20040306-0025.txt,218.37067100000002
demandMatrix-abilene-zhang-5min-20040306-0030.txt,217.58233199999998
demandMatrix-abilene-zhang-5min-20040306-0035.txt,216.394873
demandMatrix-abilene-zhang-5min-20040306-0040.txt,212.113533
demandMatrix-abilene-zhang-5min-20040306-0045.txt,224.836529
demandMatrix-abilene-zhang-5min-20040306-0050.txt,218.71571800000004
demandMatrix-abilene-zhang-5min-20040306-0055.txt,205.439563
demandMatrix-abilene-zhang-5min-20040306-0100.txt,190.52696999999998
demandMatrix-abilene-zhang-5min-20040306-0105.txt,193.230456
demandMatrix-abilene-zhang-5min-20040306-0110.txt,198.27237900000006
demandMatrix-abilene-zhang-5min-20040306-0115.txt,227.95949699999997
demandMatrix-abilene-zhang-5min-20040306-0120.txt,229.31798899999998
demandMatrix-abilene-zhang-5min-20040306-0125.txt,230.867938
demandMatrix-abilene-zhang-5min-20040306-0130.txt,210.744751
demandMatrix-abilene-zhang-5min-20040306-0135.txt,198.26345
demandMatrix-abilene-zhang-5min-20040306-0140.txt,205.053577
demandMatrix-abilene-zhang-5min-20040306-0145.txt,211.948122
demandMatrix-abilene-zhang-5min-20040306-0150.txt,209.475768
demandMatrix-abilene-zhang-5min-20040306-0155.txt,205.616299
demandMatrix-abilene-zhang-5min-20040306-0200.txt,204.33225999999996
demandMatrix-abilene-zhang-5min-20040306-0205.txt,217.204638
demandMatrix-abilene-zhang-5min-20040306-0210.txt,219.30193400000002
demandMatrix-abilene-zhang-5min-20040306-0215.txt,211.98125499999998
demandMatrix-abilene-zhang-5min-20040306-0220.txt,200.72696899999997
demandMatrix-abilene-zhang-5min-20040306-0225.txt,203.254535
demandMatrix-abilene-zhang-5min-20040306-0230.txt,207.00302299999998
demandMatrix-abilene-zhang-5min-20040306-0235.txt,209.865178
demandMatrix-abilene-zhang-5min-20040306-0240.txt,213.397827
demandMatrix-abilene-zhang-5min-20040306-0245.txt,209.461696
demandMatrix-abilene-zhang-5min-20040306-0250.txt,212.656575
demandMatrix-abilene-zhang-5min-20040306-0255.txt,200.17414700000003
demandMatrix-abilene-zhang-5min-20040306-0300.txt,204.27334800000003
demandMatrix-abilene-zhang-5min-20040306-0305.txt,206.17553100000003
demandMatrix-abilene-zhang-5min-20040306-0310.txt,202.51932999999997
demandMatrix-abilene-zhang-5min-20040306-0315.txt,202.583498
demandMatrix-abilene-zhang-5min-20040306-0320.txt,198.91628400000002
demandMatrix-abilene-zhang-5min-20040306-0325.txt,193.06010799999999
demandMatrix-abilene-zhang-5min-20040306-0330.txt,185.97621199999998
demandMatrix-abilene-zhang-5min-20040306-0335.txt,185.948843
demandMatrix-abilene-zhang-5min-20040306-0340.txt,169.556444
demandMatrix-abilene-zhang-5min-20040306-0345.txt,169.13624799999997
demandMatrix-abilene-zhang-5min-20040306-0350.txt,154.77500400000002
demandMatrix-abilene-zhang-5min-20040306-0355.txt,154.857406
demandMatrix-abilene-zhang-5min-20040306-0400.txt,156.488062
demandMatrix-abilene-zhang-5min-20040306-0405.txt,154.683077
demandMatrix-abilene-zhang-5min-20040306-0410.txt,152.00074
demandMatrix-abilene-zhang-5min-20040306-0415.txt,154.95502900000002
demandMatrix-abilene-zhang-5min-20040306-0420.txt,151.63322399999998
demandMatrix-abilene-zhang-5min-20040306-0425.txt,150.94402499999995
demandMatrix-abilene-zhang-5min-20040306-0430.txt,146.58666800000003
demandMatrix-abilene-zhang-5min-20040306-0435.txt,147.185554
demandMatrix-abilene-zhang-5min-20040306-0440.txt,145.965377
demandMatrix-abilene-zhang-5min-20040306-0445.txt,154.412926
demandMatrix-abilene-zhang-5min-20040306-0450.txt,156.31537800000004
demandMatrix-abilene-zhang-5min-20040306-0455.txt,155.63352500000002
